word_list,applications-of-measurement,formulae-and-equations,NULL,rates-and-ratios,the-normal-distribution,non-right-angled-trigonometry,investments-and-loans,annuities,relative-frequency-and-probability,types-of-relationships,data-analysis,bivariate-data-analysis,critical-path-analysis,network-concepts,money-matters,linear-relationships,non-right-angled-triogonometry,working-with-time,??
place,3,1,1,0,1,2,0,0,1,2,0,2,0,0,0,0,1,0,0
show,3,2,35,1,1,4,4,1,2,1,3,4,6,3,3,0,2,0,3
build,1,1,2,0,0,0,0,0,0,0,0,0,0,0,0,0,0,0,0
perimeter,1,1,0,0,0,1,0,0,0,1,0,0,0,0,0,0,0,0,0
decimal,3,1,1,0,1,2,1,1,1,2,0,2,0,0,0,0,1,0,0
diagram,1,1,17,1,0,2,0,0,3,0,0,0,4,1,0,0,1,0,1
question,6,3,58,7,6,5,10,4,4,7,4,3,3,3,4,1,2,1,6
scale,4,1,8,2,0,1,0,0,0,0,0,0,0,0,0,0,1,0,0
face,1,1,0,0,0,0,0,0,0,0,0,0,0,0,0,0,0,0,0
archway,1,1,0,0,0,0,0,0,0,0,0,0,0,0,0,0,0,0,0
semicircular,1,1,0,0,0,0,0,0,0,0,0,0,0,0,0,0,0,0,0
hour,0,2,5,0,1,0,0,0,0,1,0,3,1,0,0,0,0,1,1
extra,0,1,0,0,0,0,0,0,0,0,0,0,0,0,0,1,0,0,0
clearly,0,1,0,0,0,0,0,0,0,0,0,0,0,0,0,0,0,0,0
allow,0,1,0,0,0,0,0,1,0,0,0,0,0,1,0,0,0,0,0
ifa,0,1,0,0,0,0,0,0,0,0,0,1,0,0,0,0,0,0,0
writing,0,1,0,0,0,0,0,0,0,0,0,0,0,0,0,0,0,0,0
mark,5,2,54,9,5,6,8,6,3,10,5,4,4,5,4,3,3,1,6
answer,3,1,6,2,1,2,0,1,1,0,2,2,0,0,0,0,0,0,1
relevant,0,1,1,0,0,0,0,0,0,0,1,0,0,0,0,0,0,0,0
reasoning,0,1,0,0,0,0,0,0,0,0,0,1,0,0,0,0,0,0,0
space,0,1,0,0,0,0,0,0,0,0,0,0,1,2,0,0,0,0,0
response,0,1,0,0,0,0,0,0,0,0,0,0,0,0,0,0,0,0,0
section,2,1,2,2,0,0,0,0,0,1,0,0,0,0,0,0,0,0,0
minute,0,1,9,1,0,2,0,0,0,3,0,0,1,0,0,1,0,1,0
include,0,1,1,0,0,0,2,0,0,0,0,0,0,0,1,0,1,0,0
mathematics,0,1,0,0,0,0,0,0,0,0,0,0,0,0,0,0,0,0,0
calculation,0,1,2,0,0,0,0,1,0,0,1,1,0,0,0,0,0,0,0
page,0,1,0,1,1,0,0,1,0,3,0,1,1,1,0,1,0,0,0
b,1,1,26,6,2,5,3,4,4,10,3,6,7,6,3,2,4,0,0
value,1,1,11,0,1,4,7,5,0,9,2,3,1,0,1,0,0,0,0
provide,0,1,0,0,0,0,0,0,0,0,0,2,1,1,0,0,0,0,0
ii,0,1,0,0,0,0,2,0,0,0,0,0,0,0,0,0,0,0,0
use,4,2,10,12,6,6,6,6,2,9,3,8,4,5,5,3,4,1,0
indicate,0,1,2,0,0,0,0,0,0,0,0,0,0,0,0,0,0,0,0
c,1,1,15,1,1,2,0,0,0,6,0,6,3,1,0,1,1,0,0
attempt,0,1,0,0,0,0,0,0,0,0,0,0,0,0,0,0,0,0,0
measure,0,0,4,1,0,0,0,0,0,0,0,0,0,0,0,0,0,0,0
exercise,0,0,2,1,0,0,0,0,0,0,0,0,0,0,0,0,0,0,0
beat,0,0,1,0,0,0,0,0,0,0,0,0,0,0,0,0,0,0,0
people,0,0,5,0,0,0,0,0,0,0,0,0,0,0,0,0,0,0,0
rate,0,0,8,3,0,0,5,4,0,1,0,0,0,0,3,1,0,0,0
class,0,0,2,0,0,0,0,0,0,0,0,0,0,0,0,0,0,0,0
heart,0,0,1,2,0,0,0,0,0,0,0,0,0,0,0,0,0,0,0
travel,0,0,6,2,1,0,0,0,0,1,0,0,0,1,0,0,0,1,0
petrol,0,0,3,2,1,0,0,0,0,0,0,0,0,0,0,0,0,0,0
tank,0,0,4,2,1,0,0,0,0,2,0,0,0,0,0,1,0,0,0
l,0,0,3,3,1,1,0,0,0,0,0,0,0,0,0,0,0,0,0
km,0,0,6,3,1,0,0,0,0,1,0,0,0,0,0,0,0,0,1
hold,0,0,4,1,1,0,0,1,0,0,0,0,0,0,0,0,0,0,0
speed,0,0,5,3,1,0,0,0,0,1,0,0,1,0,0,0,0,0,1
car,0,0,6,2,2,0,1,1,0,0,0,0,0,0,1,0,0,0,0
h,1,0,7,3,1,0,0,0,0,1,0,0,0,1,0,0,0,0,2
constant,0,0,5,2,1,0,0,0,0,3,0,0,0,0,0,1,0,0,0
whilst,0,0,3,1,0,0,0,0,0,0,0,0,0,0,0,0,0,0,0
increase,0,0,2,1,0,0,0,1,0,0,0,0,2,0,0,0,0,0,0
far,0,0,2,1,0,0,0,0,0,0,0,0,0,0,0,0,0,0,0
consumption,0,0,2,2,0,0,0,0,0,0,0,0,0,0,0,0,0,0,0
great,0,0,2,0,1,0,0,0,1,0,1,0,0,0,0,0,0,0,0
add,0,0,4,1,0,0,0,0,0,1,1,0,0,2,0,1,0,0,0
ratio,0,0,5,3,0,0,0,0,0,0,0,0,0,0,0,0,0,0,0
score,0,0,6,2,3,0,0,0,0,0,2,0,0,0,0,0,0,0,0
6:05,0,0,2,0,0,0,0,0,0,0,0,0,0,0,0,0,0,0,0
m,4,1,13,3,1,3,4,4,2,3,2,3,2,4,3,2,1,1,2
height,1,0,5,0,0,0,0,0,0,0,0,2,0,0,0,0,0,0,0
chris,0,0,2,0,0,0,0,0,0,0,0,0,0,0,0,0,0,0,0
combine,0,0,2,0,0,0,0,0,0,0,0,0,0,0,0,0,0,0,1
barry,0,0,2,0,0,0,0,0,0,0,0,0,0,0,0,0,0,0,0
normal,0,0,2,0,0,0,0,0,0,0,0,0,0,0,0,0,0,0,0
distribution,0,0,2,0,1,0,0,0,0,0,1,0,0,0,0,0,0,0,0
population,0,0,3,0,0,0,0,0,0,1,0,0,0,0,0,0,0,0,0
5:04,0,0,2,0,0,0,0,0,0,0,0,0,0,0,0,0,0,0,0
alex,0,0,3,0,0,0,0,0,0,0,0,0,0,0,1,0,0,0,0
zscore,0,0,3,0,2,0,0,0,0,0,0,0,0,0,0,0,0,0,0
recreational,0,0,1,0,0,0,0,0,0,0,0,0,0,0,0,0,0,0,0
area,2,0,10,9,4,3,4,0,1,8,1,2,2,3,1,1,2,0,0
away,0,0,2,0,0,0,0,0,0,0,0,0,0,0,0,0,0,0,1
bear,0,0,3,0,0,2,0,0,0,0,0,0,0,0,0,0,1,0,0
south,0,0,2,0,0,0,0,0,0,0,0,0,0,0,0,0,0,0,0
lake,1,0,3,1,0,0,0,0,0,0,0,0,0,0,0,0,0,0,0
t,0,0,3,0,0,0,0,0,0,4,0,1,1,0,0,1,0,0,0
north,0,0,1,0,0,0,0,0,0,0,0,0,0,0,0,0,0,0,0
r,0,0,4,0,0,0,1,1,2,1,0,0,1,0,1,0,0,0,0
angle,0,0,1,0,0,6,0,0,0,0,0,0,0,0,0,0,2,0,0
size,0,0,0,0,0,2,0,0,0,0,0,0,0,0,0,0,0,0,0
arb,0,0,0,0,0,1,0,0,0,0,0,0,0,0,0,0,0,0,0
cost,0,0,6,1,0,0,2,0,0,4,0,0,1,2,0,2,0,0,0
pa,0,0,7,0,0,0,2,3,0,0,0,0,1,0,0,0,0,0,1
payment,0,0,2,0,0,0,3,1,0,0,0,0,0,0,0,0,0,0,1
free,0,0,1,0,0,0,1,0,0,0,0,0,0,0,0,0,0,0,0
purchases,0,0,1,0,0,0,1,0,0,0,0,0,0,0,0,0,0,0,0
day,0,1,7,0,1,0,3,1,1,0,0,3,2,1,0,1,0,1,3
make,0,0,2,0,0,0,2,1,0,1,0,0,0,0,0,0,0,0,0
snipper,0,0,1,0,0,0,1,0,0,0,0,0,0,0,0,0,0,0,0
august,0,0,2,0,0,0,2,0,0,0,0,0,0,0,0,0,0,0,0
lawn,0,0,1,0,0,0,1,0,0,0,0,0,0,0,0,0,0,0,0
credit,0,0,3,0,0,0,4,0,0,0,0,0,0,0,0,0,0,0,1
daily,0,0,4,0,0,0,4,0,0,0,0,0,0,0,0,0,0,0,1
card,0,0,4,0,0,0,4,0,1,0,0,0,0,0,0,0,0,0,1
total,0,0,4,3,0,0,4,0,0,1,0,2,0,1,1,1,0,0,0
purchase,0,0,6,1,0,0,4,0,0,0,0,0,0,0,0,0,0,0,1
repay,0,0,4,0,0,0,2,1,0,0,0,0,0,0,0,0,0,0,1
liam,0,0,1,0,0,0,1,0,0,0,0,0,0,0,0,0,0,0,0
mower,0,0,1,0,0,0,1,0,0,0,0,0,0,0,0,0,0,0,0
compound,0,0,6,0,0,0,3,4,0,0,0,0,0,0,0,0,0,0,1
pay,0,0,4,0,0,0,2,2,0,0,0,0,0,0,3,0,0,0,0
whipper,0,0,1,0,0,0,1,0,0,0,0,0,0,0,0,0,0,0,0
period,0,0,2,0,0,0,3,2,0,0,0,0,0,0,0,0,0,0,0
september,0,0,1,0,0,0,1,0,0,0,0,0,0,0,0,0,0,0,0
charge,0,0,5,1,0,0,5,0,0,1,0,0,1,0,0,0,0,0,1
billy,0,0,1,0,0,0,0,0,0,0,0,0,0,0,0,0,0,0,0
property,0,0,3,0,0,0,0,0,0,0,0,0,0,0,0,0,0,0,0
calculate,2,1,6,4,2,4,7,2,1,2,1,4,2,1,4,1,0,0,2
trapezoidal,2,0,2,3,0,0,0,0,0,0,0,0,0,0,0,0,0,0,0
estimate,1,1,2,2,0,0,0,0,0,1,0,1,0,0,0,0,0,0,1
dimension,0,0,2,1,0,0,0,0,0,0,0,0,0,0,0,0,0,0,0
rule,2,0,2,3,0,1,0,0,0,0,0,0,0,0,0,0,1,0,0
solve,0,1,1,0,0,0,0,0,0,0,0,0,0,0,0,0,0,0,0
equation,0,1,5,0,1,0,0,0,0,4,0,6,0,0,0,2,0,0,0
square,0,0,3,2,0,1,0,0,0,0,0,1,0,0,0,0,0,0,0
cm,5,0,8,2,1,3,0,0,1,1,0,1,0,0,0,0,1,0,0
base,0,0,1,1,1,0,2,0,0,0,0,1,0,0,0,0,0,0,0
perpendicular,0,0,1,0,0,0,0,0,0,0,0,0,0,0,0,0,0,0,0
length,1,0,7,0,0,1,0,0,1,0,0,1,0,3,0,0,1,0,0
volume,2,0,1,0,0,1,0,0,0,2,0,0,0,0,0,1,0,0,0
es,0,0,1,0,0,0,0,0,0,0,0,0,0,0,0,0,0,0,0
pyramid,0,0,1,0,0,0,0,0,0,0,0,0,0,0,0,0,0,0,0
table,0,0,10,0,2,0,5,2,0,1,3,1,2,1,3,0,0,0,2
commonwealth,0,0,1,0,0,0,0,0,0,0,0,0,0,0,0,0,0,0,0
home,0,0,2,0,0,0,0,1,0,0,0,0,0,0,0,0,0,0,1
year,0,0,13,2,1,0,4,7,0,1,0,1,0,0,3,0,0,0,2
loan,0,0,3,0,0,0,0,1,0,0,0,0,0,0,0,0,0,0,0
repayment,0,0,3,0,0,0,1,2,0,0,0,0,1,0,0,0,0,0,0
bank,0,0,2,0,0,0,0,2,0,0,0,0,0,0,0,0,0,0,0
monthly,0,0,3,0,0,0,2,2,0,0,0,0,1,0,0,0,0,0,0
earn,0,0,4,0,0,0,1,4,0,1,0,0,0,0,1,0,0,0,0
able,0,0,0,0,1,0,0,3,1,0,0,1,0,0,0,0,0,0,0
person,0,1,1,0,0,0,1,1,0,0,0,1,0,0,0,0,0,0,1
gross,0,0,1,0,0,0,0,1,0,0,0,0,0,0,0,0,0,0,0
daniel,0,0,0,0,0,0,0,1,0,0,0,0,0,0,0,0,0,0,0
wage,0,0,0,0,0,0,0,1,0,0,0,0,0,0,0,0,0,0,0
customer,0,0,1,0,0,0,0,1,0,0,1,0,0,0,0,0,0,0,0
month,0,0,6,1,0,0,3,4,0,0,0,0,1,0,1,0,0,0,0
borrow,0,0,2,0,0,0,1,1,0,0,0,0,1,0,0,0,0,0,0
money,0,0,0,0,0,0,0,4,0,0,0,0,0,0,0,0,0,0,0
replace,0,0,2,0,0,0,0,0,0,1,0,0,0,0,0,0,0,0,0
pepsi,0,0,2,0,0,0,0,0,0,1,0,0,0,0,0,0,0,0,0
can,0,0,2,0,0,0,0,0,0,1,0,0,0,0,0,0,0,0,0
coke,0,0,2,0,0,0,0,0,1,1,0,0,0,0,0,0,0,0,0
fridge,0,0,2,0,0,0,0,0,0,1,0,0,0,0,0,0,0,0,0
carla,0,0,2,0,0,0,0,0,0,1,0,0,0,0,0,0,0,0,0
take,0,0,4,1,0,0,0,0,2,2,0,0,1,0,0,0,0,1,0
looking,0,0,2,0,0,0,0,0,0,1,0,0,0,0,0,0,0,0,0
contain,1,0,4,1,0,0,0,0,2,2,0,0,0,0,0,0,0,0,0
second,0,0,3,0,0,0,0,0,0,1,0,0,0,0,0,0,0,0,1
draw,0,0,6,0,0,0,0,0,3,2,0,1,3,4,0,1,0,0,0
probability,0,0,4,0,0,0,0,0,5,0,0,0,0,0,0,0,0,0,0
tree,0,0,3,1,0,0,0,0,3,0,0,0,0,3,0,0,0,0,0
outcome,0,0,2,0,0,0,0,0,1,0,0,0,0,0,0,0,0,0,0
proportional,0,0,1,0,0,0,0,0,0,0,0,0,0,0,0,0,0,0,0
weight,0,0,4,0,1,0,0,0,0,0,0,0,0,2,0,0,0,0,1
cube,1,0,2,0,0,0,0,0,0,0,0,0,0,0,0,0,0,0,0
finding,0,0,1,0,0,0,0,0,0,0,0,0,0,0,0,0,0,0,0
radius,0,0,2,0,0,0,0,0,0,0,0,0,0,0,0,0,0,0,0
g,0,0,4,0,0,0,0,0,0,0,0,1,1,0,1,0,0,0,0
weigh,0,1,2,0,0,0,0,0,0,0,0,0,0,0,0,0,0,0,1
directly,0,0,3,0,0,0,0,0,0,0,0,0,0,0,0,0,0,0,0
metallic,0,0,1,0,0,0,0,0,0,0,0,0,0,0,0,0,0,0,0
w,0,0,2,0,0,0,0,0,0,0,0,1,0,0,0,0,0,0,0
k,0,0,1,0,0,0,0,0,0,0,0,0,0,1,0,0,0,0,0
ball,0,0,1,0,0,0,0,0,2,0,0,0,0,0,0,0,0,0,0
perform,0,0,1,0,0,0,0,0,0,0,1,1,0,0,0,0,0,0,0
lily,0,0,1,0,0,0,0,0,0,0,1,0,0,0,0,0,0,0,0
science,0,0,1,0,0,0,0,0,0,0,1,0,0,0,0,0,0,0,0
subject,0,0,1,0,0,0,0,0,0,0,1,0,0,0,0,0,0,0,0
deviation,0,0,4,0,2,0,0,0,1,0,1,0,0,0,0,0,0,0,0
well,0,0,1,0,0,0,0,0,0,0,1,1,0,0,0,0,0,0,0
mean,0,0,5,0,3,0,0,0,1,0,2,2,0,0,0,0,0,0,0
standard,0,1,4,0,2,0,0,1,1,0,1,0,0,0,0,0,0,0,1
mathematical,0,0,1,0,0,0,0,0,0,0,1,0,0,0,0,0,0,0,0
comparison,0,0,1,0,0,0,0,0,0,0,1,0,0,0,0,0,0,0,0
cohort,0,0,1,0,0,0,0,0,0,0,1,0,0,0,0,0,0,0,0
justify,0,0,3,0,0,0,0,0,0,0,1,1,0,0,0,0,0,0,0
english,0,0,2,0,0,0,0,0,0,0,1,0,0,0,0,0,0,0,0
exam,0,0,1,0,0,0,0,0,0,0,1,0,1,0,0,0,0,0,0
account,0,0,4,0,0,0,1,6,0,0,0,0,0,0,0,0,0,0,0
annually,0,0,2,0,0,0,0,2,0,0,0,0,0,0,0,0,0,0,0
deposit,0,0,1,0,0,0,1,4,0,0,0,0,0,0,0,0,0,0,0
invest,0,0,2,0,0,0,0,1,0,0,0,0,0,0,0,0,0,0,0
annuity,0,0,2,0,0,0,1,3,0,0,0,0,0,0,0,0,0,0,0
like,0,0,2,0,0,0,0,1,0,0,0,0,0,0,0,0,0,0,0
emily,0,0,1,0,0,0,0,1,0,0,0,0,0,0,0,0,0,0,0
future,0,0,4,0,0,0,1,3,0,0,0,0,0,0,0,0,0,0,0
jaye,0,0,1,0,0,0,0,1,0,0,0,0,0,0,0,0,0,0,0
need,1,0,4,1,0,0,0,2,1,3,0,0,1,1,1,0,0,0,1
quarterly,0,0,1,0,0,0,1,1,0,0,0,0,0,0,0,0,0,0,0
investment,0,0,2,0,0,0,1,3,0,0,0,0,0,0,0,0,0,0,0
contribute,0,0,1,0,0,0,0,1,0,0,0,0,0,0,0,0,0,0,0
time,0,1,10,0,0,0,1,3,2,2,2,2,6,0,0,1,0,1,2
note,0,0,1,0,0,1,0,0,0,0,0,0,0,0,0,0,0,0,0
follow,0,1,2,1,0,1,1,1,0,1,2,0,1,0,0,0,0,0,0
triangle,0,0,2,0,0,5,0,0,0,0,0,0,0,0,0,0,2,0,0
obtuse,0,0,1,0,0,1,0,0,0,0,0,0,0,0,0,0,0,0,0
near,1,0,4,0,0,6,0,1,0,0,0,2,0,0,0,0,1,0,1
go,0,0,1,0,0,0,0,0,0,0,0,0,0,0,0,0,0,0,0
penrith,0,0,1,0,0,0,0,0,0,0,0,0,0,0,0,0,0,0,0
complete,0,0,6,0,0,0,0,0,1,1,0,0,2,0,1,0,0,0,0
live,0,0,2,0,3,0,0,0,0,0,0,0,1,0,0,0,0,0,1
iris,0,0,1,0,0,0,0,0,0,0,0,0,0,0,0,0,0,0,0
certain,0,0,1,0,0,0,0,0,0,0,0,0,0,0,0,0,0,0,0
pick,0,0,1,0,0,0,0,0,0,0,0,0,0,0,0,0,0,0,0
path,0,0,2,0,0,0,0,0,0,0,0,0,2,1,0,0,0,0,0
drive,0,0,2,0,0,0,0,0,0,0,0,0,1,0,0,0,0,0,1
trip,0,0,2,0,0,0,0,1,0,0,0,0,0,0,0,0,0,0,0
sunderland,0,0,1,0,0,0,0,0,0,0,0,0,0,0,0,0,0,0,0
distance,0,0,5,1,0,1,0,0,0,0,0,0,2,0,0,0,1,0,1
leed,0,0,1,0,0,0,0,0,0,0,0,0,0,0,0,0,0,0,0
short,0,0,2,0,0,0,0,0,0,0,0,0,0,1,0,0,0,0,0
newcastle,0,0,1,0,0,0,0,0,0,0,0,0,0,0,0,0,0,0,0
friend,0,0,1,0,0,0,0,0,0,0,0,0,0,0,0,0,0,0,0
town,0,0,4,1,0,1,0,0,0,1,0,0,1,2,0,0,0,0,0
kilometre,1,0,3,0,0,0,0,0,1,0,0,0,0,0,0,0,0,0,0
network,0,0,9,0,0,0,0,0,0,0,0,0,6,5,0,0,0,0,0
pushup,0,0,1,0,0,0,0,0,0,0,0,1,0,0,0,0,0,0,0
situps,0,0,1,0,0,0,0,0,0,0,0,0,0,0,0,0,0,0,0
situp,0,0,1,0,0,0,0,0,0,0,0,1,0,0,0,0,0,0,0
group,0,0,3,0,0,1,0,0,0,0,0,0,0,0,0,0,0,0,0
result,0,0,3,0,0,0,0,0,0,0,0,1,0,0,0,0,0,0,0
explain,0,0,0,1,0,0,0,0,0,1,0,1,1,0,0,0,0,0,0
coefficient,0,0,0,0,0,0,0,0,0,0,0,3,0,0,0,0,0,0,0
correlation,0,0,0,0,0,0,0,0,0,0,0,3,0,0,0,0,0,0,0
context,0,0,0,0,0,0,0,0,0,2,0,3,0,0,0,0,0,0,0
dataset,0,0,0,0,0,0,0,0,0,0,1,2,0,0,0,0,0,0,0
line,2,1,6,8,5,6,6,5,2,11,3,6,4,5,5,3,3,1,0
form,0,0,3,1,1,0,0,0,0,1,0,2,0,0,0,1,0,0,0
bx,0,0,0,0,0,0,0,0,0,0,0,2,0,0,0,0,0,0,0
y,0,0,5,0,0,0,0,0,0,2,0,4,1,2,0,1,0,0,0
round,0,0,0,0,0,0,0,0,0,0,0,1,0,0,0,0,0,0,0
calculator,0,0,0,0,0,0,0,0,0,0,0,2,0,0,0,0,0,0,0
fit,1,0,2,0,0,0,0,0,0,0,0,5,0,0,0,0,0,0,0
number,0,1,17,2,1,0,2,2,2,3,1,4,0,0,0,1,0,0,2
good,0,0,1,0,0,0,0,0,0,0,0,3,0,0,0,0,0,0,0
mx,0,0,0,0,0,0,0,0,0,0,0,2,0,0,0,0,0,0,0
expect,0,0,0,0,1,0,1,0,2,0,0,2,0,0,0,0,0,0,0
mm,0,0,2,1,0,0,0,0,1,0,0,0,0,0,0,0,0,0,0
normally,0,0,4,0,3,0,0,0,1,0,0,0,0,0,0,0,0,0,0
machine,0,0,4,0,0,0,2,0,1,0,0,0,0,0,0,0,0,0,0
screw,0,0,2,0,1,0,0,0,1,0,0,0,0,0,0,0,0,0,0
distribute,0,0,4,0,3,0,0,0,1,0,0,0,0,0,0,0,0,0,0
factory,0,0,2,0,1,0,0,0,1,0,0,0,0,0,0,0,0,0,0
long,0,0,0,0,1,0,0,0,1,0,0,0,0,0,0,0,1,0,0
sell,0,0,2,0,1,0,0,0,1,4,0,0,0,0,1,0,0,0,0
ascrew,0,0,0,0,1,0,0,0,1,0,0,0,0,0,0,0,0,0,0
determine,0,0,1,0,0,0,0,0,2,1,0,0,4,3,1,0,0,0,1
let,0,0,0,0,0,0,0,0,1,0,0,0,0,0,0,0,0,0,0
mixture,0,0,0,1,0,0,0,0,1,0,0,0,0,0,0,0,0,0,0
necessarily,0,0,0,0,0,0,0,0,1,0,0,0,0,0,0,0,0,0,0
give,0,1,4,0,0,0,2,1,2,1,0,1,0,1,0,1,0,0,2
select,0,0,3,0,0,0,0,0,2,0,0,0,0,0,0,0,0,0,0
solution,0,0,0,0,0,0,0,0,2,0,0,0,0,0,0,0,0,0,0
red,0,0,0,0,0,0,0,0,3,0,0,0,0,0,0,0,0,0,0
randomly,0,0,1,0,0,0,0,0,2,0,0,0,0,0,0,0,0,0,0
pink,0,0,0,0,0,0,0,0,2,0,0,0,0,0,0,0,0,0,0
box,0,0,1,0,0,0,0,0,2,0,0,0,0,0,0,0,0,0,0
reducible,0,0,1,0,0,0,1,0,0,0,0,0,1,0,0,0,0,0,0
x,0,0,3,0,0,2,1,0,0,3,1,3,2,0,0,0,0,0,0
xx,0,0,1,0,0,0,1,0,0,0,0,0,1,0,0,0,0,0,0
lydia,0,0,0,0,0,0,1,0,0,0,0,0,1,0,0,0,0,0,0
principal,0,0,1,0,0,0,1,0,0,0,0,0,1,0,0,0,0,0,0
begin,0,0,0,0,0,0,2,0,0,0,0,0,1,0,0,1,0,0,0
amount,0,0,0,0,0,0,1,0,0,0,0,0,1,0,0,0,0,0,0
owe,0,0,2,0,0,0,2,0,0,0,0,0,1,0,0,0,0,0,0
run,1,0,3,3,0,0,0,0,1,0,1,0,1,0,0,0,0,0,0
cabin,0,0,0,0,0,0,0,0,0,0,0,0,1,0,0,0,0,0,0
holiday,0,0,1,0,0,0,0,0,0,0,0,0,1,0,0,0,0,0,0
road,0,0,1,0,0,0,0,0,0,0,0,0,2,0,0,0,0,0,1
pipe,0,0,0,0,0,0,0,0,0,0,0,0,1,1,0,0,0,0,0
minimum,0,0,0,0,0,0,1,1,0,0,0,0,5,3,0,0,0,0,0
park,0,0,3,0,0,0,0,0,0,0,0,0,1,0,0,0,0,0,0
e,0,0,6,0,0,0,0,0,0,0,0,0,4,3,0,0,0,0,0
metre,0,0,3,2,0,0,0,0,0,0,0,0,1,0,0,0,1,0,1
exist,0,0,0,0,0,0,0,0,0,0,0,0,1,0,0,0,0,0,0
d,0,0,9,0,0,2,0,0,0,2,0,0,2,0,2,1,0,0,2
piping,0,0,0,0,0,0,0,0,0,0,0,0,1,0,0,0,0,0,0
label,0,0,0,1,0,0,0,0,0,0,0,0,1,0,0,1,0,0,0
f,0,0,3,0,0,0,0,0,0,0,0,0,2,0,0,1,0,0,0
want,0,0,1,0,0,0,0,0,0,0,0,1,1,0,0,0,0,0,0
ee,0,0,1,0,0,0,0,0,0,0,0,0,0,0,0,0,0,0,0
p,0,0,4,0,0,0,0,0,0,0,0,0,0,0,0,0,0,0,0
slow,0,0,1,0,0,0,0,0,0,0,0,0,0,0,0,0,0,0,0
policy,0,0,2,0,0,0,0,0,0,1,1,0,0,0,0,0,0,0,0
city,0,0,2,0,3,0,0,0,0,0,0,0,0,0,0,0,0,0,0
growth,0,0,1,0,0,0,0,0,0,0,0,0,0,0,0,0,0,0,0
n,0,0,8,0,0,1,1,1,0,1,0,0,1,0,0,0,0,0,1
o,0,0,5,0,0,3,0,0,0,1,0,0,1,0,0,0,0,0,0
predict,0,0,1,0,0,0,0,0,0,1,0,1,0,0,0,0,0,0,0
sorte,0,0,1,0,0,0,0,0,0,0,0,0,0,0,0,0,0,0,0
thagoras,0,0,1,0,0,0,0,0,0,0,0,0,0,0,0,0,0,0,0
introduce,0,0,1,0,0,0,0,0,0,0,0,0,0,0,0,0,0,0,0
new,0,0,2,1,1,0,1,2,0,1,1,1,1,0,0,0,0,1,1
ae,0,0,1,0,0,0,0,0,0,0,0,0,0,0,0,0,0,0,0
ab,0,0,1,0,0,1,0,0,0,0,0,0,0,0,0,0,0,0,0
represent,1,0,10,0,0,0,0,0,0,2,0,1,1,1,0,0,0,0,0
quick,0,0,0,0,0,0,0,0,0,0,0,0,1,0,0,0,0,0,0
nick,0,0,0,0,0,0,0,0,0,0,0,0,1,0,0,0,0,0,0
save,0,0,1,0,0,0,0,0,0,0,0,0,1,0,0,0,0,0,0
see,0,0,0,0,0,0,0,1,0,0,0,0,1,0,0,0,0,0,0
rochdale,0,0,0,0,0,0,0,0,0,0,0,0,1,0,0,0,0,0,0
create,0,0,0,0,0,0,0,0,0,0,1,0,1,0,0,0,0,0,0
oldham,0,0,0,0,0,0,0,0,0,0,0,0,1,0,0,0,0,0,0
ashton,0,0,0,0,0,0,0,0,0,0,0,0,1,0,0,0,0,0,0
route,0,0,1,0,0,0,0,0,0,0,0,0,1,1,0,0,0,0,0
kilometres,0,0,0,0,0,0,0,0,0,0,0,0,1,0,0,0,0,0,0
end,0,0,5,2,2,0,3,3,0,3,0,1,2,1,0,0,1,0,0
limit,0,0,0,0,0,0,0,0,0,0,0,0,1,0,0,0,0,0,0
work,0,0,0,0,0,0,0,0,0,0,0,0,1,0,0,0,0,0,0
le,0,0,1,0,0,0,0,0,0,0,0,0,1,0,0,0,0,0,0
orbital,0,0,0,0,0,0,0,0,0,0,0,0,1,0,0,0,0,0,0
trafford,0,0,0,0,0,0,0,0,0,0,0,0,1,0,0,0,0,0,0
original,0,0,0,0,0,0,0,0,0,0,0,0,1,0,0,0,0,0,0
connect,0,0,3,0,0,0,0,0,0,0,0,0,1,0,0,0,0,0,0
eccle,0,0,0,0,0,0,0,0,0,0,0,0,1,0,0,0,0,0,0
s,0,0,4,0,0,0,0,0,0,0,0,1,1,2,0,0,0,0,0
sale,0,0,0,0,0,0,0,0,0,0,0,0,1,0,1,0,0,0,0
bury,0,0,0,0,0,0,0,0,0,0,0,0,1,0,0,0,0,0,0
compare,0,0,1,0,0,0,0,0,0,0,1,0,1,0,0,0,0,0,0
tom,0,0,1,2,0,0,0,0,0,0,0,0,0,0,0,0,0,0,0
old,0,0,2,0,0,0,0,0,0,0,0,0,0,0,0,0,0,0,2
maximum,0,0,3,2,0,0,0,0,0,0,0,0,4,1,0,0,0,0,1
age,0,0,0,1,0,0,0,0,0,0,0,1,0,0,0,0,0,0,0
formula,0,1,3,1,0,0,2,0,0,0,0,0,0,0,0,1,0,0,2
bpm,0,0,0,1,0,0,0,0,0,0,0,0,0,0,0,0,0,0,0
office,2,1,4,8,5,6,6,5,2,9,3,4,4,5,4,3,3,1,0
benefit,0,0,0,1,0,0,0,0,0,0,0,0,0,0,0,0,0,0,0
turn,0,0,1,3,2,0,1,0,0,2,0,1,0,1,0,0,0,0,0
aim,0,0,0,1,0,0,0,0,0,0,0,0,0,0,0,0,0,0,0
write,2,1,8,9,5,6,8,5,2,9,3,5,6,6,4,4,4,1,0
high,0,0,1,0,2,0,0,0,0,0,0,0,0,0,0,0,0,0,0
win,0,0,1,0,0,0,0,0,1,0,0,0,0,0,0,0,0,0,1
separate,0,0,1,0,0,0,0,0,0,0,0,0,0,0,0,0,0,0,0
choose,0,0,1,0,0,0,1,0,0,0,0,0,0,0,0,0,0,0,0
play,0,0,1,0,0,0,0,0,1,0,1,1,0,0,0,0,0,0,0
bob,0,0,2,0,0,0,0,0,2,0,0,0,0,0,0,0,0,0,0
se,2,0,13,2,1,0,2,1,0,0,0,1,0,0,2,0,0,1,0
game,0,0,1,0,0,0,0,0,1,0,1,0,0,0,0,0,0,0,0
amy,0,0,1,0,0,0,0,0,2,0,0,0,0,0,0,0,0,0,0
ti,1,0,3,1,0,0,1,0,1,0,0,0,0,0,1,0,0,1,0
jon,2,1,3,1,1,2,4,4,2,0,2,1,1,2,3,0,0,1,0
partially,0,0,0,0,0,0,0,0,1,0,0,0,0,0,0,0,0,0,0
seage,1,1,0,2,0,1,2,2,2,0,2,2,1,1,2,0,0,1,0
ul,2,1,3,3,1,2,4,4,2,0,2,1,2,2,3,1,0,1,0
og,3,1,4,2,1,2,4,4,2,0,2,1,2,2,3,1,0,1,0
siy,2,1,2,3,0,1,2,2,2,0,2,1,2,1,2,1,0,1,0
eo,2,0,0,3,1,2,3,4,1,0,1,2,1,1,2,0,0,1,0
suppose,0,0,0,0,0,0,0,0,1,0,1,0,0,0,0,0,0,0,0
test,0,0,0,0,1,0,0,0,0,0,0,0,0,0,0,0,0,0,0
percentage,1,0,2,0,4,0,2,0,0,0,0,0,0,0,0,0,0,0,0
shortage,0,0,1,0,0,0,0,0,0,0,1,0,0,0,0,0,0,0,0
return,0,0,1,0,0,0,0,0,0,0,1,0,0,0,0,0,0,0,0
item,0,0,1,0,0,0,0,0,0,0,1,0,0,0,1,0,0,0,0
online,0,0,1,0,0,0,0,0,0,0,0,0,0,0,0,0,0,0,0
cumulative,0,0,1,0,0,0,0,0,0,0,0,0,0,0,0,0,0,0,0
frequency,0,0,1,0,0,0,1,0,1,0,1,0,0,0,0,0,0,0,0
receive,0,0,1,0,0,0,2,0,0,0,0,0,0,0,1,0,0,0,0
information,0,0,1,0,0,0,0,0,0,0,1,2,1,1,0,0,0,0,1
product,0,0,2,0,0,0,0,0,0,0,1,0,0,0,0,0,0,0,0
fee,0,0,3,0,0,0,0,0,0,1,0,0,0,0,0,0,0,0,1
delivery,0,0,1,0,0,0,0,0,0,0,1,0,0,0,0,0,0,0,0
damage,0,0,1,0,0,0,0,0,0,0,1,0,0,0,0,0,0,0,0
stock,0,0,1,0,0,0,0,0,0,0,1,0,0,0,0,0,0,0,0
business,0,0,2,0,0,0,0,0,0,0,0,0,0,0,0,0,0,0,0
complaint,0,0,1,0,0,0,0,0,0,0,1,0,0,0,0,0,0,0,0
type,0,0,1,0,0,0,0,0,0,0,1,0,0,0,0,0,0,0,0
pareto,0,0,0,0,0,0,0,0,0,0,1,0,0,0,0,0,0,0,0
manager,0,0,1,0,0,0,0,0,0,0,1,0,1,0,0,0,0,0,0
datum,0,0,1,0,0,0,0,0,0,0,2,4,0,0,0,0,0,0,0
chart,0,0,1,0,0,0,0,0,0,0,1,0,1,0,0,0,0,0,0
z,0,0,3,0,0,0,0,0,0,0,1,0,0,0,0,0,0,0,0
address,0,0,0,0,0,0,0,0,0,0,1,0,0,0,0,0,0,0,0
yuma,0,0,1,0,0,0,0,0,0,0,0,0,0,0,0,0,0,0,0
morrella,0,0,1,0,0,0,0,0,0,0,0,0,0,0,0,0,0,0,0
snowtown,0,0,1,0,0,0,0,0,0,0,0,0,0,0,0,0,0,0,0
bosten,0,0,1,0,0,0,0,0,0,0,0,0,0,0,0,0,0,0,0
clairville,0,0,1,0,0,0,0,0,0,0,0,0,0,0,0,0,0,0,0
cc,0,0,2,0,0,1,0,0,0,0,0,0,0,2,0,0,0,0,0
vertex,0,0,0,0,0,0,0,0,0,0,0,0,0,3,0,0,0,0,0
visit,0,0,0,0,0,0,0,0,0,0,0,0,0,1,0,0,0,0,0
tourist,0,0,0,0,0,0,0,0,0,0,0,0,0,1,0,0,0,0,0
wish,0,0,0,1,0,0,0,1,0,0,0,0,0,1,0,0,0,0,0
bd,0,0,0,0,0,0,0,0,0,0,0,0,0,1,0,0,1,0,0
span,0,0,1,0,1,0,0,0,0,0,0,2,0,3,0,0,0,0,0
real,0,0,0,0,0,0,0,0,0,0,0,0,0,0,1,0,0,0,0
estate,0,0,0,0,0,0,0,0,0,0,0,0,0,0,1,0,0,0,0
agent,0,0,0,0,0,0,0,0,0,0,0,0,0,0,1,0,0,0,0
price,0,0,0,0,0,0,2,0,0,0,0,0,0,0,2,0,0,0,0
house,0,0,1,0,0,0,0,0,0,2,0,0,0,0,1,0,0,0,0
commission,0,0,0,0,0,0,0,0,0,0,0,0,0,0,1,0,0,0,0
produce,0,0,2,0,0,0,0,0,0,1,0,1,0,0,0,2,0,0,0
laptop,0,0,1,0,0,0,0,0,0,0,0,0,0,0,0,2,0,0,0
dollar,0,0,5,0,0,0,0,1,0,0,0,0,0,0,0,3,0,0,0
fix,0,0,1,0,0,0,0,0,0,0,0,0,0,0,0,1,0,0,0
additional,0,0,1,0,0,0,0,0,0,0,0,0,0,0,1,1,0,0,0
production,0,0,0,0,0,0,0,0,0,0,0,0,0,0,0,1,0,0,0
feature,0,0,0,0,0,0,0,0,0,0,0,0,0,0,0,1,0,0,0
survey,0,0,1,0,0,1,0,0,0,0,0,0,0,0,0,0,0,0,0
phone,0,0,1,0,0,0,0,0,0,0,0,2,0,0,0,0,0,0,0
relationship,0,0,2,0,0,0,0,0,0,1,0,2,0,0,0,1,0,0,1
sleep,0,0,1,0,0,0,0,0,0,0,0,2,0,0,0,0,0,0,0
investigate,0,0,2,0,0,0,0,0,0,0,0,0,0,0,0,0,0,0,0
average,0,0,1,0,0,0,0,0,0,0,0,2,0,0,0,0,0,0,0
student,0,0,4,0,0,0,0,0,0,0,0,2,0,0,0,0,0,0,1
teacher,0,0,1,0,0,0,0,0,0,0,0,0,0,0,0,0,0,0,0
scatterplot,0,0,3,0,0,0,0,0,0,0,0,3,0,0,0,0,0,0,0
alinta,0,0,0,0,0,0,0,0,0,0,0,1,0,0,0,0,0,0,0
plot,0,0,1,0,0,0,0,0,0,0,0,1,0,0,0,0,0,0,0
birrani,0,0,0,0,0,0,0,0,0,0,0,1,0,0,0,0,0,0,0
eye,0,0,0,0,0,0,0,0,0,0,0,1,0,0,0,0,0,0,0
fitting,0,0,0,0,0,0,0,0,0,0,0,1,0,0,0,0,0,0,0
ice,0,0,1,0,0,0,0,0,0,0,0,0,0,0,0,0,0,0,0
inversely,0,0,2,0,0,0,0,0,0,0,0,0,0,0,0,0,0,0,0
temperature,0,0,1,0,0,0,0,0,0,1,0,1,0,0,0,0,0,0,0
melt,0,0,1,0,0,0,0,0,0,0,0,0,0,0,0,0,0,0,0
room,0,0,3,0,0,0,0,0,0,0,0,0,0,0,0,0,0,0,1
believe,0,0,1,0,0,0,0,0,0,0,0,0,0,0,0,0,0,0,0
observe,0,0,1,0,0,0,0,0,0,0,0,0,0,0,0,0,0,0,0
vary,0,0,3,0,0,0,0,0,0,0,0,0,0,0,0,0,0,0,0
mv,0,0,1,0,0,0,0,0,0,0,0,0,0,0,0,0,0,0,0
relate,0,0,1,0,0,0,0,0,0,1,0,0,0,0,0,1,0,0,0
graph,0,0,6,0,0,0,0,0,0,3,0,0,0,0,0,1,0,0,0
open,0,0,1,0,0,0,0,3,0,0,0,0,0,0,0,0,0,0,0
annum,0,0,2,0,0,0,4,2,0,0,0,0,0,0,0,0,0,0,0
zal,0,0,1,0,0,0,0,2,0,0,0,0,0,0,0,0,0,0,0
ac,0,0,0,0,0,0,0,0,0,0,0,0,0,0,0,0,1,0,0
rightangle,0,0,0,0,0,1,0,0,0,0,0,0,0,0,0,0,1,0,0
abc,0,0,0,0,0,1,1,0,0,0,0,0,0,0,0,0,2,0,0
abd,0,0,0,0,0,0,0,0,0,0,0,0,0,0,0,0,1,0,0
zadb,0,0,0,0,0,0,0,0,0,0,0,0,0,0,0,0,1,0,0
zacb,0,0,0,0,0,0,0,0,0,0,0,0,0,0,0,0,1,0,0
depreciation,0,0,2,0,1,0,2,0,0,0,0,0,0,0,2,0,0,0,0
company,0,0,2,0,0,0,1,0,0,4,0,0,0,0,0,0,0,0,0
straightline,0,0,2,0,0,0,1,0,0,0,0,0,0,0,0,0,0,0,0
decliningbalance,0,0,2,0,1,0,1,0,0,0,0,0,0,0,0,0,0,0,0
consider,0,0,3,0,0,1,0,0,0,0,1,0,0,1,0,0,0,0,0
method,0,0,3,0,1,0,2,0,0,1,0,0,0,0,2,0,0,0,0
v,0,0,2,0,0,0,0,1,0,0,0,0,0,0,0,1,0,0,1
asset,0,0,1,0,0,0,0,0,0,0,0,0,0,0,0,0,0,0,0
vy,0,0,1,0,0,0,0,0,0,0,0,0,0,0,0,0,0,0,0
initial,0,0,1,0,0,0,0,0,0,0,0,0,0,0,0,0,0,0,0
salvage,0,0,2,0,0,0,2,0,0,0,0,0,0,0,0,0,0,0,0
annual,0,0,3,0,0,0,2,0,0,0,0,0,0,0,2,0,0,0,1
worth,0,0,0,1,0,0,1,0,0,0,0,0,0,1,1,0,0,0,0
depreciate,0,0,0,0,1,0,2,0,0,0,0,0,0,0,0,0,0,0,0
equal,0,0,0,1,0,1,1,0,0,0,1,0,0,0,0,0,1,0,0
prism,1,0,0,1,0,0,0,0,0,0,0,0,0,0,0,0,1,0,0
shape,1,0,0,1,0,2,0,0,0,0,0,0,0,0,0,0,1,0,0
isosceles,0,0,0,0,0,0,0,0,0,0,0,0,0,0,0,0,1,0,0
dam,1,0,1,0,0,0,0,0,0,0,0,0,0,0,0,0,1,0,0
side,0,0,0,0,0,2,0,0,0,0,0,0,0,0,0,0,1,0,0
bac,0,1,0,0,0,0,0,0,0,0,0,0,0,0,0,0,1,0,1
def,0,0,0,0,0,0,0,0,0,0,0,0,0,0,0,0,1,0,0
edf,0,0,0,0,0,0,0,0,0,0,0,0,0,0,0,0,1,0,0
triangular,1,0,0,0,0,0,0,0,0,0,0,0,0,0,0,0,1,0,0
tony,0,0,0,0,0,0,0,0,0,0,0,0,0,0,0,0,0,1,0
flight,0,0,1,0,0,0,0,0,0,0,0,0,0,0,0,0,0,1,0
leave,0,0,0,0,0,0,0,0,0,0,0,0,0,0,0,1,0,1,0
local,0,0,0,0,0,0,0,0,0,0,0,0,0,0,0,0,0,1,0
pm,0,1,0,0,0,0,0,0,0,0,0,0,0,0,0,0,0,1,1
sydney,0,0,1,0,0,0,0,0,0,0,0,0,0,0,0,0,0,1,0
coordinate,0,0,0,0,0,0,0,0,0,0,0,0,0,0,0,0,0,1,0
8:20,0,0,0,0,0,0,0,0,0,0,0,0,0,0,0,0,0,1,0
fly,0,0,1,0,0,0,0,0,0,0,0,0,0,0,0,0,0,1,0
wednesday,0,0,0,0,0,0,0,0,0,0,0,0,0,0,0,0,0,1,0
land,0,0,1,1,0,0,0,0,0,0,0,0,0,0,0,0,0,1,0
york,0,0,0,0,0,0,0,0,0,0,0,0,0,0,0,0,0,1,0
coordinated,0,0,0,0,0,0,0,0,0,0,0,0,0,0,0,0,0,1,0
universal,0,0,0,0,0,0,0,0,0,0,0,0,0,0,0,0,0,1,0
utc,0,0,0,0,0,0,0,0,0,0,0,0,0,0,0,0,0,1,0
ahead,0,0,1,0,0,0,0,0,0,0,0,0,0,0,0,0,0,1,1
plane,0,0,0,0,0,0,0,0,0,0,0,0,0,0,0,0,0,1,0
nonstop,0,0,0,0,0,0,0,0,0,0,0,0,0,0,0,0,0,1,0
today,0,0,0,0,0,0,1,0,0,0,0,0,0,0,0,0,0,0,0
eli,0,0,1,0,0,0,1,0,0,0,0,0,0,0,0,0,0,0,0
quarter,0,0,0,0,0,0,1,0,0,0,0,0,0,0,0,0,0,0,0
option,0,0,2,0,0,0,1,0,0,0,0,0,0,0,0,0,0,0,0
single,0,0,0,0,0,0,1,0,0,0,0,0,0,0,0,0,0,0,1
factor,0,0,0,0,0,0,1,1,0,0,0,0,0,0,0,0,0,0,0
difference,0,0,1,0,0,0,0,0,0,0,1,0,0,0,0,0,0,0,0
directional,0,0,1,0,0,0,0,0,0,0,0,0,0,0,0,0,0,0,0
attraction,0,0,1,0,0,0,0,0,0,0,0,0,0,0,0,0,0,0,0
main,0,0,1,0,0,0,0,0,0,0,0,0,0,1,0,0,0,0,0
flow,0,0,1,0,0,0,0,0,0,0,0,0,5,1,0,0,0,0,0
wildlife,0,0,1,0,0,0,0,0,0,0,0,0,0,0,0,0,0,0,0
simple,0,0,3,1,0,0,0,0,0,0,0,0,0,0,0,0,0,0,0
visitor,0,0,1,0,0,0,0,0,0,0,0,0,3,0,0,0,0,0,0
access,0,0,1,0,0,0,0,0,0,0,0,0,0,0,0,0,0,0,0
lon,1,0,1,1,0,0,0,0,0,0,0,0,1,0,0,1,0,0,0
capacity,0,0,1,0,0,0,0,0,0,0,0,0,5,0,0,0,0,0,0
eode,1,0,0,1,0,0,0,0,0,0,0,0,1,0,0,0,0,0,0
cut,0,0,0,0,0,0,0,0,0,0,0,0,4,1,0,0,0,0,0
continue,0,0,0,1,1,0,0,2,0,2,0,1,1,1,0,1,0,0,1
suitable,0,0,0,0,0,0,0,0,0,0,0,0,1,0,0,0,0,0,0
current,0,0,0,0,0,0,0,0,0,0,0,0,1,0,0,0,0,0,0
overall,0,0,0,0,0,0,0,1,0,0,0,0,1,0,0,0,0,0,0
semicircle,0,0,1,0,0,0,0,0,0,0,0,0,0,0,0,0,0,0,0
rectangle,0,0,2,0,0,0,0,0,0,1,0,0,0,0,0,0,0,0,0
occupie,0,0,1,0,0,0,0,0,0,0,0,0,0,0,0,0,0,0,0
rest,0,0,2,0,0,0,0,0,0,0,0,0,0,0,0,0,0,0,0
yy,0,0,1,0,0,0,0,0,0,0,0,0,0,0,0,0,0,0,0
grassed,0,0,1,1,0,0,0,0,0,0,0,0,0,0,0,0,0,0,0
edge,0,0,7,0,0,0,0,0,0,0,0,0,0,1,0,0,0,0,0
consist,1,0,1,0,0,0,0,0,0,0,0,0,0,0,0,0,0,0,0
measurement,3,0,3,0,0,0,0,0,0,0,0,0,0,0,0,0,0,0,0
approximate,0,0,0,3,1,0,0,0,0,0,0,0,0,0,0,0,0,0,0
oo,0,0,0,1,0,1,0,0,0,0,0,0,0,0,0,0,0,0,0
application,1,0,1,3,0,0,0,0,0,0,0,0,0,0,0,0,0,0,0
nm,0,0,0,1,0,0,0,0,0,0,0,0,0,0,0,1,0,0,0
ly,0,0,0,1,0,0,0,0,0,0,0,0,0,0,0,0,0,0,0
nearest,1,0,1,1,0,0,0,0,0,0,0,0,0,0,0,0,0,0,0
aeroplane,0,0,1,0,0,0,0,0,0,0,0,0,0,0,0,0,0,0,0
airport,0,0,2,0,0,0,0,0,0,0,0,0,0,0,0,0,2,0,0
course,0,0,1,0,0,0,0,0,0,0,0,0,0,0,0,0,0,0,0
change,0,0,1,0,0,0,1,0,0,0,0,0,1,0,0,0,0,0,0
point,0,0,2,0,0,1,0,0,0,2,0,1,0,0,0,0,0,0,0
correct,3,0,2,0,1,7,0,0,1,0,0,2,0,0,0,0,1,0,2
sine,0,0,0,0,0,0,0,0,0,0,0,0,0,0,0,0,1,0,0
oba,0,0,0,0,0,0,0,0,0,0,0,0,0,0,0,0,1,0,0
degree,0,0,0,0,0,3,0,0,0,0,0,1,0,0,0,0,1,0,0
composite,2,0,0,0,0,0,0,0,0,0,0,0,0,0,0,0,0,0,0
eee,1,0,0,0,0,1,0,0,0,0,0,0,0,0,0,0,0,0,0
cylinder,1,0,0,0,0,0,0,0,0,0,0,0,0,0,0,0,0,0,0
flat,1,0,0,0,0,0,0,0,0,0,0,0,0,0,0,0,0,0,0
solid,2,0,0,0,0,0,0,0,0,0,0,0,0,0,0,0,0,0,0
a,1,0,1,0,0,0,0,0,0,0,0,0,0,0,0,0,0,0,0
centre,1,0,0,0,0,1,0,0,0,0,0,0,0,0,0,0,0,0,0
ieee,1,0,0,0,0,0,0,0,0,0,0,0,0,0,0,0,0,0,0
ct,1,0,0,0,0,0,0,0,0,0,0,0,0,0,0,0,0,0,0
hemisphere,2,0,0,0,0,1,0,0,0,0,0,0,0,0,0,0,0,0,0
diameter,2,0,0,0,0,1,0,0,0,0,0,0,0,0,0,0,0,0,0
surface,1,0,0,0,0,0,0,0,0,0,0,0,0,0,0,0,0,0,0
reference,0,0,0,0,0,0,0,0,0,0,0,1,0,0,0,0,0,0,0
data,0,0,0,0,0,0,0,0,0,0,1,2,0,0,0,0,0,0,0
interpret,0,0,0,0,0,0,0,0,0,0,0,1,0,0,0,0,0,0,0
research,0,0,0,0,0,0,0,0,0,0,0,1,0,0,0,0,0,0,0
teenage,0,0,0,0,0,0,0,0,0,0,0,1,0,0,0,0,0,0,0
character,0,0,0,0,0,0,0,0,0,0,0,1,0,0,0,0,0,0,0
television,0,0,1,0,0,0,1,0,0,0,0,1,0,0,0,0,0,0,0
find,0,0,0,1,0,0,0,0,0,0,0,1,0,1,0,0,0,0,0
actor,0,0,0,0,0,0,0,0,0,0,0,1,0,0,0,0,0,0,0
ba,0,0,0,0,0,0,0,0,0,0,0,1,0,0,0,0,0,0,0
collect,0,0,1,0,0,0,0,0,0,0,0,2,0,0,0,0,0,0,0
sa,0,0,0,0,0,0,0,0,0,0,0,1,0,0,0,0,0,0,0
series,0,0,1,0,0,0,0,0,0,0,0,1,0,0,0,0,0,0,0
ne,0,1,0,1,0,1,1,1,0,1,1,2,1,1,1,1,0,0,0
jo,0,0,0,0,0,0,0,0,0,0,0,1,0,0,0,0,0,0,0
spreadsheet,0,0,1,0,0,0,0,0,0,0,0,0,0,0,0,0,0,0,0
set,0,0,3,0,0,0,0,0,0,0,0,0,0,0,0,0,0,0,0
frankie,0,0,1,0,0,0,0,1,0,0,0,0,0,0,0,0,0,0,0
balance,0,0,1,0,0,0,1,0,0,0,0,0,0,0,1,0,0,0,0
start,0,0,5,0,0,0,0,1,0,0,0,0,0,0,0,0,0,0,1
iw,0,0,0,0,0,0,0,1,0,0,0,0,0,0,0,0,0,0,0
cee,0,0,0,0,0,0,0,1,0,1,0,0,0,0,0,0,0,0,0
sense,0,0,0,0,0,0,0,1,0,1,0,0,0,0,0,0,0,0,0
ea,0,0,0,0,0,0,0,1,0,0,0,0,0,0,0,0,0,0,0
ofa,0,0,0,0,0,0,0,1,0,0,0,0,0,0,0,0,0,0,0
iz,0,0,1,0,0,0,0,1,0,0,0,0,0,0,0,0,0,0,0
teer,0,0,0,0,0,0,0,1,0,0,0,0,0,0,0,0,0,0,0
ter,0,0,0,0,0,0,0,1,0,0,0,0,0,0,0,0,0,0,0
tecerecrrscrer,0,0,0,0,0,0,0,1,0,0,0,0,0,0,0,0,0,0,0
ie,0,0,1,0,0,1,0,1,0,0,0,0,0,0,0,0,0,0,0
ia,0,0,0,0,0,0,0,1,0,0,0,0,0,0,0,0,0,0,0
tecra,0,0,0,0,0,0,0,1,0,0,0,0,0,0,0,0,0,0,0
il,0,0,2,0,0,0,0,1,0,0,0,0,0,0,0,1,0,0,0
sever,0,0,0,0,0,0,0,1,0,0,0,0,0,0,0,0,0,0,0
ease,0,0,0,0,0,0,0,1,0,0,0,0,0,0,0,1,0,0,0
esti,0,0,0,0,0,0,0,1,0,0,0,0,0,0,0,0,0,0,0
teri,0,0,0,0,0,0,0,1,0,0,0,0,0,0,0,0,0,0,0
tere,0,0,0,0,0,0,0,1,0,0,0,0,0,0,0,0,0,0,0
rere,0,0,0,0,0,1,0,1,0,0,0,0,0,0,0,0,0,0,0
teee,0,0,0,0,0,0,0,1,0,0,0,0,0,0,0,0,0,0,0
sum,0,0,0,0,0,0,0,2,0,0,0,0,0,0,0,0,0,0,0
decide,0,0,2,0,0,0,0,2,0,0,0,0,0,0,1,0,0,0,1
lump,0,0,0,0,0,0,0,2,0,0,0,0,0,0,0,0,0,0,0
fully,0,0,2,0,0,0,0,1,0,0,0,0,0,0,0,0,0,0,1
particular,0,0,3,0,2,0,0,0,0,0,0,0,1,0,0,0,0,0,0
batterie,0,0,0,0,1,0,0,0,0,0,0,0,0,0,0,0,0,0,0
life,0,0,0,0,1,0,0,0,0,0,0,0,0,0,0,0,0,0,0
battery,0,0,0,0,1,0,0,0,0,0,0,0,0,0,0,0,0,0,0
statistical,0,0,0,0,1,0,0,0,0,0,0,0,0,0,0,0,0,0,0
know,0,0,0,0,2,0,0,0,0,0,1,0,0,0,0,0,0,0,0
approximately,1,0,3,0,1,0,1,0,0,0,0,0,0,0,0,0,0,0,0
final,0,0,0,1,0,0,0,0,0,0,0,0,0,0,0,0,0,0,0
container,0,0,0,2,0,0,0,0,0,0,0,0,0,0,0,0,0,0,0
remove,0,0,0,1,0,0,0,0,0,0,0,0,0,0,0,0,0,0,0
cordial,0,0,0,1,0,0,0,0,0,0,0,0,0,0,0,0,0,0,0
1:03,0,0,0,1,0,0,0,0,0,0,0,0,0,0,0,0,0,0,0
refill,0,0,0,1,0,0,0,0,0,0,0,0,0,0,0,0,0,0,0
water,0,0,3,3,0,0,0,0,0,2,0,0,0,1,0,1,0,0,0
paper,0,0,2,1,0,0,0,2,0,0,0,0,0,0,0,0,0,0,0
centimetre,1,0,3,0,0,2,0,0,0,0,0,0,0,0,0,0,0,0,0
bowl,1,0,0,0,0,1,0,0,1,0,0,0,0,0,0,0,0,0,0
cubic,1,0,0,1,0,1,0,0,0,0,0,0,0,0,0,0,0,0,0
figure,0,0,0,0,0,1,1,0,0,0,0,0,0,0,0,0,0,0,0
significant,0,0,0,0,0,1,0,0,0,0,0,0,0,0,0,0,0,0,0
cosine,0,0,0,0,0,1,0,0,0,0,0,0,0,0,0,0,0,0,0
team,0,0,2,1,0,0,0,0,0,0,2,0,0,0,0,0,0,0,1
cosmo,0,0,3,2,0,0,0,0,0,0,1,0,0,0,0,0,0,0,0
match,0,0,2,1,0,0,0,0,0,0,1,0,0,0,0,0,0,0,0
school,0,0,2,0,0,0,1,0,0,0,1,0,0,0,0,0,0,0,0
recent,0,0,2,0,0,0,0,0,0,0,1,0,0,0,0,0,0,0,0
cricket,0,0,2,0,0,0,0,0,0,0,1,1,0,0,0,0,0,0,0
andrew,0,0,3,2,0,0,0,0,0,0,1,0,0,0,0,0,0,0,0
brandon,0,0,3,2,0,0,0,0,0,0,1,0,0,0,0,0,0,0,0
batter,0,0,2,0,0,0,0,0,0,0,1,0,0,0,0,0,0,0,0
19:36,0,0,1,1,0,0,0,0,0,0,0,0,0,0,0,0,0,0,0
basketball,0,0,1,0,0,0,0,0,0,0,0,0,0,0,0,0,0,0,0
player,0,0,1,0,0,0,0,0,0,0,0,0,0,0,0,0,0,0,0
outlier,0,0,1,0,0,0,0,0,0,0,0,0,0,0,0,0,0,0,0
wheel,0,0,0,0,0,0,1,0,1,0,0,0,0,0,0,0,0,0,0
likely,0,0,0,0,0,0,1,0,1,0,0,1,0,0,0,0,0,0,0
spin,0,0,0,0,0,0,1,0,1,0,0,0,0,0,0,0,0,0,0
equally,0,0,0,0,0,0,1,0,1,0,0,0,0,0,0,0,0,0,0
roulette,0,0,0,0,0,0,1,0,1,0,0,0,0,0,0,0,0,0,0
own,0,0,2,0,0,0,2,0,0,0,0,0,0,0,0,0,0,0,1
dividend,0,0,0,0,0,0,2,0,0,0,0,0,0,0,0,0,0,0,0
yield,0,0,0,0,0,0,2,0,0,0,0,0,0,0,0,0,0,0,0
market,0,0,0,0,0,0,2,0,0,0,0,0,0,0,0,0,0,0,0
share,0,0,1,0,0,0,2,0,0,1,0,0,0,0,0,0,0,0,0
adc,0,0,0,0,0,1,0,0,0,0,0,0,0,0,0,0,0,0,0
arm,0,0,1,0,0,0,0,0,0,0,0,2,0,0,0,0,0,0,0
bivariate,0,0,1,0,0,0,0,0,0,0,0,0,0,0,0,0,0,0,0
seven,0,0,2,0,0,0,0,0,0,0,0,0,0,0,0,0,0,0,1
child,0,0,2,0,0,0,0,0,0,0,0,1,0,0,0,0,0,0,2
pearson,0,0,0,0,0,0,0,0,0,0,0,1,0,0,0,0,0,0,0
strength,0,0,0,0,0,0,0,0,0,0,0,1,0,0,0,0,0,0,0
identify,0,0,0,0,0,0,0,0,0,0,0,1,0,1,0,0,0,0,0
association,0,0,0,0,0,0,0,0,0,0,0,1,0,0,0,0,0,0,0
direction,0,0,0,0,0,0,0,0,0,0,0,1,0,0,0,0,0,0,0
linear,0,0,0,0,0,0,0,0,0,0,0,1,0,0,0,0,0,0,0
leastsquare,0,0,1,0,0,0,0,0,0,0,0,3,0,0,0,0,0,0,0
regression,0,0,0,0,0,0,0,0,0,0,0,2,0,0,0,0,0,0,0
burger,1,0,0,0,0,0,0,0,1,0,0,0,0,0,0,0,0,0,0
energy,1,0,0,1,0,0,0,0,1,0,0,0,0,0,0,0,0,0,0
running,1,0,0,0,0,0,0,0,1,0,0,0,0,0,0,0,0,0,0
kilojoule,1,0,0,0,0,0,0,0,1,0,0,0,0,0,0,0,0,0,0
amanda,1,0,0,0,0,0,0,0,1,0,0,0,0,0,0,0,0,0,0
eat,1,0,0,0,0,0,0,0,1,0,0,0,0,0,0,0,0,0,0
kilocalorie,1,0,0,0,0,0,0,0,1,0,0,0,0,0,0,0,0,0,0
dennis,0,0,0,0,0,0,0,0,1,0,0,0,0,0,0,0,0,0,0
green,0,0,0,0,0,0,0,0,1,0,0,0,0,0,0,0,0,0,0
colour,0,0,0,0,0,0,0,0,1,0,0,0,0,0,0,0,0,0,0
apple,0,0,0,0,0,0,0,0,1,0,0,0,0,0,0,0,0,0,0
margaret,0,0,0,0,0,0,0,0,1,0,0,0,0,0,0,0,0,0,0
fruit,0,0,0,0,0,0,0,0,1,0,0,0,0,0,0,0,0,0,0
random,0,0,3,0,0,0,0,0,1,0,0,0,0,0,0,0,0,0,0
activity,0,0,4,0,0,0,0,0,0,0,0,0,3,0,0,0,0,0,0
cd,0,0,1,0,0,0,0,0,0,0,0,0,0,0,0,0,0,0,0
require,0,1,3,1,0,0,0,0,0,0,0,0,0,1,0,0,0,0,1
prerequisite,0,0,2,0,0,0,0,0,0,0,0,0,0,0,0,0,0,0,0
duration,0,0,2,0,0,0,0,0,0,0,0,0,0,0,0,0,0,0,0
project,0,0,2,0,0,0,0,0,0,0,0,0,2,0,0,0,0,0,0
immediate,0,0,2,0,0,0,0,0,0,0,0,0,0,0,0,0,0,0,0
float,0,0,1,0,0,0,0,0,0,0,0,0,1,0,0,0,0,0,0
noncritical,0,0,0,0,0,0,0,0,0,0,0,0,1,0,0,0,0,0,0
detail,0,0,0,0,0,0,2,0,0,0,0,0,0,0,0,0,0,0,0
ashley,0,0,0,0,0,0,1,0,0,0,0,0,0,0,0,0,0,0,0
miss,0,0,1,0,0,0,2,0,0,0,0,0,0,0,1,0,0,0,0
interestfree,0,0,0,0,0,0,1,0,0,0,0,0,0,0,0,0,0,0,0
statement,0,0,0,0,0,0,1,0,0,0,0,0,0,0,0,0,0,0,0
condition,0,0,0,0,0,0,1,0,0,0,0,0,0,0,0,0,0,0,1
opening,0,0,0,0,0,0,1,0,0,0,0,0,0,0,0,0,0,0,0
furniture,0,0,0,0,0,0,1,0,0,0,0,0,0,0,0,0,0,0,0
closing,0,0,0,0,0,0,1,0,0,0,0,0,0,0,0,0,0,0,0
cial,0,0,0,0,0,0,1,0,0,0,0,0,0,0,0,0,0,0,0
compounding,0,0,0,0,0,0,1,1,0,0,0,0,0,0,0,0,0,0,0
april,0,0,0,0,0,0,1,0,0,0,0,0,0,0,0,0,0,0,0
date,0,0,0,0,0,0,1,0,0,0,0,0,0,0,1,0,0,0,0
glass,0,1,0,0,0,0,0,0,0,0,0,0,0,0,0,0,0,0,1
formulae,0,1,0,0,0,0,0,0,0,0,0,0,0,0,0,0,0,0,0
content,0,1,0,0,0,0,0,0,0,0,0,0,0,0,0,0,0,0,1
drink,0,1,1,2,0,0,0,0,0,0,0,0,0,0,0,0,0,0,1
12:30,0,1,0,0,0,0,0,0,0,0,0,0,0,0,0,0,0,0,0
blood,0,1,0,0,0,0,0,0,0,0,0,0,0,0,0,0,0,0,1
stop,0,1,1,0,0,0,0,0,0,0,0,0,0,0,0,0,0,0,2
reach,0,1,0,0,0,0,0,1,0,1,0,0,0,0,0,0,0,0,1
6:15,0,1,0,0,0,0,0,0,0,0,0,0,0,0,0,0,0,0,0
alcohol,0,1,0,0,0,0,0,0,0,0,0,0,0,0,0,0,0,0,1
female,0,1,0,0,0,0,0,0,0,0,0,0,0,0,0,0,0,0,1
hannah,0,1,0,0,0,0,0,0,0,0,0,0,0,0,0,0,0,0,0
wine,0,1,0,0,0,0,0,0,0,0,0,0,0,0,0,0,0,0,1
consume,0,1,0,0,0,0,0,0,0,0,0,0,0,0,0,0,0,0,1
morning,0,1,0,0,0,0,0,0,0,0,0,0,0,0,0,0,0,0,0
bacremale,0,1,0,0,0,0,0,0,0,0,0,0,0,0,0,0,0,0,0
spirit,0,1,0,0,0,0,0,0,0,0,0,0,0,0,0,0,0,0,1
zero,0,1,0,0,0,0,0,0,0,0,0,0,0,0,0,0,0,0,1
receipt,0,0,0,0,0,0,0,0,0,0,0,0,0,0,1,0,0,0,0
banana,0,0,0,0,0,0,0,0,0,0,0,0,0,0,1,0,0,0,0
description,0,0,0,0,0,0,0,0,0,0,0,0,0,0,1,0,0,0,0
almond,0,0,0,0,0,0,0,0,0,0,0,0,0,0,1,0,0,0,0
supermarket,0,0,1,1,0,0,0,0,0,0,0,0,0,0,1,0,0,0,0
tomatoe,0,0,0,0,0,0,0,0,0,0,0,0,0,0,1,0,0,0,0
nee,0,0,0,0,0,0,0,0,0,0,0,0,0,0,1,0,0,0,0
natural,0,0,0,0,0,0,0,0,0,0,0,0,0,0,1,0,0,0,0
slice,0,0,0,0,0,0,0,0,0,0,0,0,0,0,1,0,0,0,0
milk,0,0,0,0,0,0,0,0,0,0,0,0,0,0,1,0,0,0,0
cheese,0,0,0,0,0,0,0,0,0,0,0,0,0,0,1,0,0,0,0
gst,0,0,0,0,0,0,0,0,0,0,0,0,0,0,1,0,0,0,0
chocolate,0,0,0,0,0,0,0,0,0,0,0,0,0,0,1,0,0,0,0
track,0,0,1,0,0,0,0,0,0,0,0,0,0,2,0,0,0,0,0
picnic,0,0,1,0,0,0,0,0,0,0,0,0,0,1,0,0,0,0,0
vertice,0,0,3,0,0,0,0,0,0,0,0,0,0,0,0,0,0,0,0
nature,0,0,1,0,0,0,0,0,0,0,0,0,0,0,0,0,0,0,0
site,0,0,2,0,0,0,0,0,0,0,0,0,0,1,0,0,0,0,0
drinking,0,0,0,0,0,0,0,0,0,0,0,0,0,1,0,0,0,0,1
source,0,0,0,0,0,0,0,0,0,0,0,0,0,1,0,0,0,0,1
lay,0,0,0,0,0,0,0,0,0,0,0,0,0,1,0,0,0,0,0
supply,0,0,0,0,0,0,0,0,0,0,0,0,0,1,0,0,0,0,0
close,0,0,0,0,0,0,0,0,0,0,0,0,0,1,0,0,0,0,0
state,0,0,0,0,0,0,0,0,0,0,0,0,0,1,0,0,0,0,0
avoid,0,0,0,0,0,0,0,0,0,0,0,0,0,1,0,0,0,0,0
closed,0,0,0,0,0,0,0,0,0,0,0,0,0,1,0,0,0,0,0
width,0,0,1,0,0,0,0,0,0,0,0,0,0,0,0,0,0,0,0
ww,0,0,1,0,0,0,0,0,0,0,0,0,0,0,0,0,0,0,0
bold,0,0,0,0,0,0,0,0,0,1,0,0,0,0,0,0,0,0,0
model,0,0,0,0,0,0,0,0,0,2,0,0,0,0,0,1,0,0,0
plus,0,0,0,0,0,0,0,0,0,0,0,0,0,0,3,0,0,0,0
medicare,0,0,0,0,0,0,0,0,0,0,0,0,0,0,2,0,0,0,0
taxable,0,0,1,0,0,0,0,0,0,0,0,0,0,0,4,0,0,0,0
charlie,0,0,0,0,0,0,0,0,0,0,0,0,0,0,1,0,0,0,0
tax,0,0,1,0,0,0,0,0,0,0,0,0,0,0,3,0,0,0,0
nil,0,0,0,0,0,0,0,0,0,0,0,0,0,0,3,0,0,0,0
income,0,0,2,0,0,0,0,0,0,0,0,0,0,0,4,0,0,0,0
levy,0,0,0,0,0,0,0,0,0,0,0,0,0,0,2,0,0,0,0
payable,0,0,0,0,0,0,0,0,0,0,0,0,0,0,1,0,0,0,0
financial,0,0,1,0,0,0,0,1,0,0,0,0,0,0,2,0,0,0,0
curve,0,0,0,0,0,0,0,0,0,1,0,0,0,0,0,0,0,0,0
plotting,0,0,0,0,0,0,0,0,0,1,0,0,0,0,0,0,0,0,0
Ã©,0,0,0,0,0,0,0,0,0,1,0,0,0,0,0,0,0,0,0
different,0,0,0,0,0,0,0,1,0,1,0,0,0,0,0,0,0,0,0
ig,0,0,1,0,0,1,0,0,0,0,0,0,0,0,0,0,0,0,0
pound,0,0,1,0,0,0,0,0,0,0,0,0,0,0,0,2,0,0,0
australian,0,0,1,0,0,0,0,0,0,0,0,0,0,0,0,2,0,0,0
j,1,0,3,0,0,0,0,0,0,0,0,0,0,0,0,0,0,0,0
british,0,0,1,0,0,0,0,0,0,0,0,0,0,0,0,2,0,0,0
variation,0,0,0,0,0,0,0,0,0,0,0,0,0,0,0,1,0,0,0
ip,0,0,0,0,0,0,0,0,0,0,0,0,0,0,0,1,0,0,0
fraction,0,0,0,0,0,0,0,0,0,0,0,0,0,0,0,1,0,0,0
md,0,0,0,0,0,0,0,0,0,0,0,0,0,0,0,1,0,0,0
direct,0,0,0,0,0,0,0,0,0,0,0,0,0,0,0,1,0,0,0
japanese,0,0,0,0,0,0,0,0,0,0,0,0,0,0,0,1,0,0,0
yen,0,0,0,0,0,0,0,0,0,0,0,0,0,0,0,1,0,0,0
convert,0,0,0,0,0,0,0,0,0,0,0,0,0,0,0,1,0,0,0
radial,0,0,0,0,0,1,0,0,0,0,0,0,0,0,0,0,0,0,0
relative,0,0,0,0,0,1,0,0,0,0,0,0,0,0,0,0,0,0,0
compass,0,0,0,0,0,1,0,0,0,0,0,0,0,0,0,0,0,0,0
boc,0,0,0,0,0,1,0,0,0,0,0,0,0,0,0,0,0,0,0
position,0,0,1,0,0,1,0,0,0,0,0,0,0,0,0,0,0,0,0
revenue,0,0,1,0,0,0,0,0,0,1,0,0,0,0,0,0,0,0,0
small,0,0,1,0,0,0,0,0,0,0,0,0,0,0,0,0,0,0,0
yaxis,0,0,1,0,0,0,0,0,0,0,0,0,0,0,0,0,0,0,0
technology,0,0,1,0,0,0,0,0,0,0,0,0,0,0,0,0,0,0,0
xaxis,0,0,1,0,0,0,0,0,0,0,0,0,0,0,0,0,0,0,0
bird,0,0,1,0,0,0,0,0,0,2,0,0,0,0,0,0,0,0,0
display,0,0,1,0,0,0,0,0,0,0,0,0,0,0,0,0,0,0,0
eoue,0,0,0,0,0,0,0,0,0,1,0,0,0,0,0,0,0,0,0
break,0,0,0,0,0,0,0,0,0,2,0,0,0,0,0,0,0,0,0
profit,0,0,0,0,0,0,0,0,0,2,0,0,0,0,0,0,0,0,0
buy,0,0,1,0,1,0,2,0,0,0,0,0,0,0,0,0,0,0,0
birth,0,0,0,0,1,0,0,0,0,0,0,0,0,0,0,0,0,0,0
country,0,0,0,0,1,0,0,0,0,0,0,0,0,0,0,0,0,0,0
gram,0,0,0,0,1,0,0,0,0,0,0,0,0,0,0,0,0,0,0
baby,0,0,0,0,1,0,0,0,0,0,0,0,0,0,0,0,0,0,0
analyse,0,0,0,0,0,0,0,0,0,0,1,0,0,0,0,0,0,0,0
boxplot,0,0,0,0,0,0,0,0,0,0,1,1,0,0,0,0,0,0,0
support,0,0,0,0,0,0,0,0,0,0,1,0,0,0,0,0,0,0,0
goal,0,0,0,0,0,0,0,0,0,0,1,0,0,0,0,0,0,0,0
construction,0,0,0,0,0,0,0,0,0,0,1,0,0,0,0,0,0,0,0
netball,0,0,0,0,0,0,0,0,0,0,1,0,0,0,0,0,0,0,0
tournament,0,0,0,0,0,0,0,0,0,0,1,0,0,0,0,0,0,0,0
record,0,0,1,0,0,0,0,0,0,0,1,0,0,0,0,0,0,0,0
exhibition,0,0,1,0,0,0,0,0,0,0,0,0,1,0,0,0,0,0,0
help,0,0,1,0,0,0,0,0,0,0,0,0,0,0,0,0,0,0,0
plan,0,0,2,0,0,0,0,0,0,0,0,0,1,0,0,0,0,0,1
security,0,0,1,0,0,0,0,0,0,0,0,0,1,0,0,0,0,0,0
exit,0,0,1,0,0,0,0,0,0,0,0,0,1,0,0,0,0,0,0
checkpoint,0,0,1,0,0,0,0,0,0,0,0,0,1,0,0,0,0,0,0
pass,0,0,2,0,0,0,0,0,0,0,0,1,1,1,0,0,0,0,0
planning,0,0,1,0,0,0,0,0,0,0,0,0,0,0,0,0,0,0,0
museum,0,0,1,0,0,0,0,0,0,0,0,0,1,0,0,0,0,0,0
sufficient,0,0,0,0,0,0,0,0,0,0,0,0,1,0,0,0,0,0,0
theorem,0,0,0,0,0,0,0,0,0,0,0,0,1,0,0,0,0,0,0
recommend,0,0,0,0,0,0,0,0,0,0,0,0,1,0,0,0,0,0,0
grid,0,0,1,0,0,0,0,0,0,1,0,0,0,0,0,1,0,0,0
reservoir,0,0,1,1,0,0,0,0,0,0,0,0,0,0,0,0,0,0,0
lcm,0,0,1,0,0,0,0,0,0,0,0,0,0,0,0,0,0,0,0
cinema,0,0,1,1,0,0,0,0,0,0,0,0,0,0,0,0,0,0,0
map,0,0,1,1,0,0,0,0,0,0,0,0,0,0,0,0,0,0,0
walk,0,0,1,1,0,0,0,0,0,0,0,0,0,0,0,0,0,0,0
straight,0,0,1,1,0,0,0,0,0,0,0,0,0,0,1,0,0,0,0
store,0,0,0,1,0,0,0,0,0,0,0,0,0,0,0,0,0,0,0
fall,0,0,0,1,0,0,0,0,0,0,0,0,0,0,0,0,0,0,0
immediately,0,0,1,1,0,0,1,2,0,0,0,0,0,0,0,0,0,0,0
storm,0,0,0,1,0,0,0,0,0,0,0,0,0,0,0,0,0,0,0
assume,0,0,0,1,0,0,2,0,0,0,0,0,0,0,0,0,0,0,0
rain,0,0,0,1,0,0,0,0,0,0,0,0,0,0,0,0,0,0,0
initially,0,0,2,1,0,0,0,0,0,0,0,0,0,0,0,0,0,0,0
aid,0,0,0,1,0,0,0,0,0,0,0,0,0,0,0,0,0,0,0
authority,0,0,0,0,0,0,0,1,0,0,0,0,0,0,0,0,0,0,0
contribution,0,0,0,0,0,0,0,1,0,0,0,0,0,0,0,0,0,0,0
education,0,0,0,0,0,0,0,1,0,0,0,0,0,0,0,0,0,0,0
nsw,0,0,0,0,0,0,0,1,0,0,0,0,0,0,0,0,0,0,0
rating,0,0,0,1,0,0,0,0,0,0,0,0,0,0,0,0,0,0,0
litresid,0,0,0,1,0,0,0,0,0,0,0,0,0,0,0,0,0,0,0
efficient,0,0,0,1,0,0,0,0,0,0,0,0,0,0,0,0,0,0,0
pump,0,0,0,1,0,0,0,0,0,0,0,0,0,0,0,0,0,0,0
accord,0,0,0,1,0,0,0,0,0,1,0,0,0,0,1,0,0,0,0
kwh,0,0,0,1,0,0,0,0,0,0,0,0,0,0,0,0,0,0,0
star,0,0,0,1,0,0,0,0,0,0,0,0,0,0,0,0,0,0,0
mass,0,0,1,0,0,0,0,0,0,0,0,0,0,0,0,0,0,0,1
times,0,0,1,0,0,0,0,0,0,0,0,0,0,0,0,0,0,0,1
kilogram,0,0,2,0,0,0,0,0,0,0,0,0,0,0,0,0,0,0,2
puma,0,0,1,0,0,0,0,0,0,0,0,0,0,0,0,0,0,0,1
bottle,0,0,1,0,0,0,0,0,0,0,0,0,0,0,0,0,0,0,1
dosage,0,0,1,0,0,0,0,0,0,0,0,0,0,0,0,0,0,0,1
adult,0,0,2,0,3,0,0,0,0,0,0,0,0,0,0,0,0,0,1
ml,0,0,2,0,0,0,0,0,0,0,0,0,0,0,0,0,0,0,1
medicine,0,0,1,0,0,0,0,0,0,0,0,0,0,0,0,0,0,0,1
bridge,0,0,1,0,0,0,0,0,0,0,0,0,0,0,0,0,0,0,0
error,2,0,1,0,0,0,0,0,0,0,0,0,0,0,0,0,0,0,0
harbour,0,0,1,0,0,0,0,0,0,0,0,0,0,0,0,0,0,0,0
absolute,1,0,1,0,0,0,0,0,0,0,0,0,0,0,0,0,0,0,0
precision,1,0,1,0,0,0,0,0,0,0,0,0,0,0,0,0,0,0,0
australia,0,0,0,0,0,0,0,0,0,0,0,0,0,0,0,0,0,0,1
eligibility,0,0,0,0,0,0,0,0,0,0,0,0,0,0,0,0,0,0,1
indigenous,0,0,0,0,0,0,0,0,0,0,0,0,0,0,0,0,0,0,1
partner,0,0,0,0,0,0,0,0,0,0,0,0,0,0,0,0,0,0,1
cory,0,0,0,0,0,0,0,0,0,0,0,0,0,0,0,0,0,0,1
available,0,0,0,0,0,0,0,0,0,0,0,0,1,0,0,0,0,0,1
dependent,0,0,0,0,0,0,0,0,0,0,0,0,0,0,0,0,0,0,1
service,0,0,0,0,0,0,0,0,0,0,0,0,0,0,0,0,0,0,1
abstudy,0,0,0,0,0,0,0,0,0,0,0,0,0,0,0,0,0,0,1
fortnightly,0,0,0,0,0,0,0,0,0,0,0,0,0,0,0,0,0,0,1
facto,0,0,0,0,0,0,0,0,0,0,0,0,0,0,0,0,0,0,1
allowance,0,0,0,0,0,0,0,0,0,0,0,0,0,0,0,0,0,0,1
emma,0,0,0,0,0,0,0,0,0,0,0,0,0,0,0,0,0,0,1
independent,0,0,0,0,0,0,0,0,0,0,0,0,0,0,0,0,0,0,1
drawing,1,0,1,0,0,0,0,0,0,1,0,0,0,0,0,0,0,0,0
actual,1,0,1,1,0,0,0,0,0,0,0,0,0,0,0,0,0,0,0
ellie,0,0,1,0,0,0,0,0,0,0,0,0,0,0,0,0,0,0,0
repeat,0,0,1,0,0,0,0,0,0,0,0,0,0,0,0,0,0,0,0
schedule,0,0,1,0,0,0,0,0,0,1,0,0,0,0,0,0,0,0,0
deduct,0,0,1,0,0,0,0,0,0,0,0,0,0,0,0,0,0,0,0
allowable,0,0,1,0,0,0,0,0,0,0,0,0,0,0,0,0,0,0,0
employer,0,0,1,0,0,0,0,0,0,0,0,0,0,0,0,0,0,0,0
payg,0,0,1,0,0,0,0,0,0,0,0,0,0,0,1,0,0,0,0
arissa,0,0,1,0,0,0,0,0,0,0,0,0,0,0,2,0,0,0,0
deduction,0,0,1,0,0,0,0,0,0,0,0,0,0,0,0,0,0,0,0
refund,0,0,0,0,0,0,0,0,0,0,0,0,0,0,2,0,0,0,0
whatis,0,0,0,0,0,0,0,0,0,0,0,0,0,0,1,0,0,0,0
serve,0,0,0,0,0,0,0,0,0,0,0,0,0,0,0,0,0,0,1
celebration,0,0,0,0,0,0,0,0,0,0,0,0,0,0,0,0,0,0,1
fact,0,0,0,0,0,0,0,0,0,0,0,0,0,0,0,0,0,0,1
night,0,0,0,0,0,0,0,0,0,0,0,0,0,0,0,0,0,0,1
typical,0,0,0,0,0,0,0,0,0,0,0,0,0,0,0,0,0,0,1
shot,0,0,0,0,0,0,0,0,0,0,0,0,0,0,0,0,0,0,1
lucy,0,0,0,0,0,0,0,0,0,0,0,0,0,0,0,0,0,0,1
11:30,0,0,0,0,0,0,0,0,0,0,0,0,0,0,0,0,0,0,1
celebrate,0,0,0,0,0,0,0,0,0,0,0,0,0,0,0,0,0,0,1
curfew,0,0,0,0,0,0,0,0,0,0,0,0,0,0,0,0,0,0,1
shoot,0,0,0,0,0,0,0,0,0,0,0,0,0,0,0,0,0,0,1
beer,0,0,0,0,0,0,0,0,0,0,0,0,0,0,0,0,0,0,1
saturday,0,0,0,0,0,0,0,0,0,0,0,0,0,0,0,0,0,0,1
weighs,0,0,0,0,0,0,0,0,0,0,0,0,0,0,0,0,0,0,1
angela,0,0,2,0,0,0,1,0,0,0,0,0,0,0,0,0,0,0,1
july,0,0,1,0,0,0,1,0,0,0,0,0,0,0,0,0,0,0,0
flatscreen,0,0,1,0,0,0,1,0,0,0,0,0,0,0,0,0,0,0,0
tv,0,0,1,0,0,0,1,0,0,0,0,0,0,0,0,0,0,0,0
drop,0,0,1,0,0,0,0,0,0,0,0,0,0,0,0,0,0,0,0
tap,0,0,1,0,0,0,0,0,0,0,0,0,0,0,0,0,0,0,0
bought,0,0,1,0,0,0,0,0,0,0,0,0,0,0,0,0,0,0,0
drip,0,0,1,0,0,0,0,0,0,0,0,0,0,0,0,0,0,0,0
litre,0,0,2,2,0,0,0,0,0,2,0,0,0,0,0,1,0,0,0
apply,0,0,1,0,0,0,0,0,0,0,0,0,0,0,0,0,0,0,1
reaction,0,0,1,0,0,0,0,0,0,0,0,0,0,0,0,0,0,0,1
pull,0,0,1,0,0,0,0,0,0,0,0,0,0,0,0,0,0,0,1
suddenly,0,0,1,0,0,0,0,0,0,0,0,0,0,0,0,0,0,0,1
brake,0,0,1,0,0,0,0,0,0,0,0,0,0,0,0,0,0,0,1
fiona,0,0,1,0,0,0,0,0,0,0,0,0,0,0,0,0,0,0,1
bus,0,0,1,0,0,0,0,0,0,0,0,0,0,0,0,0,0,0,1
cross,1,0,1,0,0,0,0,0,0,0,0,0,0,0,0,0,0,0,0
uniform,0,0,1,0,0,0,0,0,0,0,0,0,0,0,0,0,0,0,0
gaynor,0,0,1,0,0,0,0,0,0,0,0,0,0,0,0,0,0,0,0
crosssection,0,0,1,0,0,0,0,0,0,0,0,0,0,0,0,0,0,0,0
building,0,0,1,0,0,0,0,0,0,0,0,0,0,0,0,0,0,0,1
floor,0,0,1,0,0,0,0,0,0,0,0,0,0,0,0,0,0,0,1
door,0,0,2,0,0,0,0,0,0,0,0,0,0,0,0,0,0,0,1
outside,0,0,3,0,0,0,0,0,0,0,0,0,0,0,0,0,0,0,1
matrix,0,0,1,0,0,0,0,0,0,0,0,0,0,0,0,0,0,0,0
adjacent,0,0,1,0,0,0,0,0,0,0,0,0,0,0,0,0,0,0,0
om,0,0,1,0,0,0,0,0,0,0,0,0,0,0,0,0,0,0,0
br,0,0,1,0,0,0,0,0,0,0,0,0,0,0,0,0,0,0,0
possible,0,0,2,0,0,0,0,0,0,3,0,0,0,0,0,0,0,0,0
pf,0,0,1,0,0,0,0,0,0,0,0,0,0,0,0,0,0,0,0
doorway,0,0,1,0,0,0,0,0,0,0,0,0,0,0,0,0,0,0,0
check,0,0,1,0,0,0,0,0,0,1,0,0,0,0,0,0,0,0,0
finish,0,0,2,0,0,0,0,0,0,0,0,0,0,0,0,0,0,0,0
builder,0,0,1,0,0,0,0,0,0,0,0,0,0,0,0,0,0,0,0
inspect,0,0,1,0,0,0,0,0,0,0,0,0,0,0,0,0,0,0,0
super,0,0,1,0,0,0,0,0,0,0,0,0,0,0,0,0,0,0,0
unit,0,0,1,0,0,0,0,0,0,2,0,0,0,0,0,0,0,0,0
breakeven,0,0,0,0,0,0,0,0,0,1,0,0,0,0,0,0,0,0,0
gradient,0,0,0,0,0,0,0,0,0,1,0,0,0,0,0,0,0,0,0
tal,0,0,0,0,0,0,0,1,0,0,0,0,0,0,0,0,0,0,0
withdraw,0,0,1,0,0,0,0,1,0,0,0,0,0,0,0,0,0,0,0
birthday,0,0,0,0,0,0,0,1,0,0,0,0,0,0,0,0,0,0,0
sophie,0,0,0,0,0,0,0,1,0,0,0,0,0,0,0,0,0,0,0
institution,0,0,0,0,0,0,0,1,0,0,0,0,0,0,0,0,0,0,0
intend,0,0,0,0,0,0,0,1,0,0,0,0,0,0,0,0,0,0,0
offer,0,0,0,0,0,0,0,0,0,1,0,0,0,0,0,0,0,0,0
shareholder,0,0,0,0,0,0,0,0,0,1,0,0,0,0,0,0,0,0,0
duty,0,0,0,0,0,0,0,0,0,1,0,0,0,0,0,0,0,0,0
package,0,0,0,0,0,0,0,0,0,1,0,0,0,0,0,0,0,0,0
stamp,0,0,0,0,0,0,0,0,0,1,0,0,0,0,0,0,0,0,0
petroleum,0,0,0,0,0,0,0,0,0,1,0,0,0,0,0,0,0,0,0
brokerage,0,0,0,0,0,0,0,0,0,1,0,0,0,0,0,0,0,0,0
purchasing,0,0,1,0,0,0,0,0,0,0,0,0,0,0,0,0,0,0,0
kn,0,0,1,0,0,0,0,0,0,0,0,0,0,0,0,0,0,0,0
wentworth,0,0,1,0,0,0,0,0,0,0,0,0,0,2,0,0,0,0,0
tivoli,0,0,1,0,0,0,0,0,0,0,0,0,0,0,0,0,0,0,0
portia,0,0,1,0,0,0,0,0,0,0,0,0,0,2,0,0,0,0,0
u,0,0,1,0,0,0,0,0,0,0,0,0,0,0,0,0,0,0,0
train,0,0,1,0,0,0,0,0,0,0,0,0,0,1,0,0,0,0,0
southside,0,0,1,0,0,0,0,0,0,0,0,0,0,1,0,0,0,0,0
ticket,0,0,1,0,0,0,0,0,0,0,0,0,0,0,0,0,0,0,0
vineyard,0,0,1,0,0,0,0,0,0,0,0,0,0,0,0,0,0,0,0
upton,0,0,1,0,0,0,0,0,0,0,0,0,0,0,0,0,0,0,0
roseby,0,0,1,0,0,0,0,0,0,0,0,0,0,2,0,0,0,0,0
journey,0,0,0,0,0,0,0,0,0,0,0,0,0,2,0,0,0,0,0
cheap,0,0,0,0,0,0,0,0,0,0,0,0,0,1,0,0,0,0,0
corresponding,0,0,1,0,0,0,0,0,0,0,0,0,0,0,0,0,0,0,0
elizabeth,0,0,1,0,0,0,0,0,0,0,0,0,0,0,0,0,0,0,0
spread,0,0,1,0,0,0,0,0,0,0,0,0,0,0,0,0,0,0,0
instead,0,0,0,0,0,0,0,0,0,0,0,0,0,0,1,0,0,0,0
decline,0,0,0,0,0,0,0,0,0,0,0,0,0,0,1,0,0,0,0
preveuuisitet,0,0,1,0,0,0,0,0,0,0,0,0,0,0,0,0,0,0,0
wax,0,0,1,0,0,0,0,0,0,0,0,0,0,0,0,0,0,0,0
peter,0,0,1,0,0,0,0,0,0,0,0,0,0,0,0,0,0,0,0
burn,0,0,1,0,0,0,0,0,0,0,0,1,0,0,0,0,0,0,0
church,0,0,1,0,0,0,0,0,0,0,0,0,0,0,0,0,0,0,0
candle,0,0,1,0,0,0,0,0,0,0,0,1,0,0,0,0,0,0,0
large,0,0,1,0,0,0,0,0,0,3,0,0,0,0,0,0,0,0,0
burning,0,0,1,0,0,0,0,0,0,0,0,0,0,0,0,0,0,0,0
brand,0,0,1,0,0,0,0,0,0,0,0,0,0,0,0,0,0,0,0
ycm,0,0,1,0,0,0,0,0,0,0,0,0,0,0,0,0,0,0,0
continuously,0,0,1,0,0,0,0,0,0,0,0,0,0,0,0,0,0,0,0
lifetime,0,0,1,0,0,0,0,0,0,0,0,0,0,0,0,0,0,0,0
warden,0,0,1,0,0,0,0,0,0,0,0,0,0,0,0,0,0,0,0
remain,0,0,1,0,0,0,0,0,0,1,0,0,0,0,0,0,0,0,0
light,0,0,1,0,0,0,0,0,0,0,0,0,0,0,0,0,0,0,0
itis,0,0,0,0,0,0,0,0,0,0,0,1,0,0,0,0,0,0,0
appropriate,0,0,0,0,0,0,0,0,0,0,0,1,0,0,0,0,0,0,0
comment,0,0,0,0,0,0,0,0,0,0,0,1,0,0,0,0,0,0,0
claim,0,0,0,0,0,0,0,0,0,0,0,1,0,0,0,0,0,0,0
manufacturer,0,0,0,0,0,0,0,0,0,0,0,1,0,0,0,0,0,0,0
control,0,0,1,0,0,0,0,0,0,0,0,0,0,0,0,0,0,0,0
passenger,0,0,1,0,0,0,0,0,0,0,0,0,1,0,0,0,0,0,0
corridor,0,0,1,0,0,0,0,0,0,0,0,0,1,0,0,0,0,0,0
arrival,0,0,1,0,0,0,0,0,0,0,0,0,0,0,0,0,0,0,0
passport,0,0,1,0,0,0,0,0,0,0,0,0,0,0,0,0,0,0,0
gate,0,0,1,0,0,0,0,0,0,0,0,0,0,0,0,0,0,0,0
obstruction,0,0,0,0,0,0,0,0,0,0,0,0,1,0,0,0,0,0,0
intersection,0,0,0,0,0,0,0,0,0,0,0,0,1,0,0,0,0,0,0
ona,0,0,0,0,0,0,0,0,0,0,0,0,1,0,0,0,0,0,0
occur,0,0,0,0,0,0,0,0,0,0,0,0,1,0,0,0,0,0,0
week,0,0,1,0,0,0,0,0,0,0,0,0,0,0,0,0,0,0,0
white,0,0,1,0,0,0,0,0,0,0,0,0,0,0,0,0,0,0,0
drawer,0,0,1,0,0,0,0,0,0,0,0,0,0,0,0,0,0,0,0
sock,0,0,1,0,0,0,0,0,0,0,0,0,0,0,0,0,0,0,0
wash,0,0,1,0,0,0,0,0,0,0,0,0,0,0,0,0,0,0,0
black,0,0,1,0,0,0,0,0,0,0,0,0,0,0,0,0,0,0,0
georgie,0,0,1,0,0,0,0,0,0,0,0,0,0,0,0,0,0,0,0
put,0,0,1,0,0,0,0,0,0,0,0,0,0,0,0,0,0,0,0
situation,0,0,1,0,0,0,0,0,0,0,0,0,0,0,0,0,0,0,0
dry,0,0,1,0,0,0,0,0,0,0,0,0,0,0,0,0,0,0,0
si,0,0,1,0,1,1,2,2,0,0,0,1,0,1,1,0,0,0,0
eaae,0,0,0,0,1,1,2,2,0,0,0,1,0,1,1,0,0,0,0
sy,0,0,0,0,1,1,2,2,0,1,0,1,0,1,1,0,0,0,0
block,0,0,0,1,0,0,0,0,0,0,0,0,0,0,0,0,0,0,0
count,0,0,0,1,0,0,0,0,0,0,0,1,0,0,0,0,0,0,0
entire,0,0,0,1,0,0,0,0,0,0,0,0,0,0,0,0,0,0,0
ayla,0,0,0,1,0,0,0,0,0,0,0,0,0,0,0,0,0,0,0
ak,0,0,0,0,0,0,0,0,0,0,0,0,0,1,0,0,0,0,0
ck,0,0,0,0,0,0,0,0,0,0,0,0,0,1,0,0,0,0,0
revise,0,0,0,0,0,0,0,0,0,0,0,0,0,1,0,0,0,0,0
respectively,0,0,0,0,0,0,0,0,0,0,0,0,0,1,0,0,0,0,0
fence,0,0,1,0,0,0,0,0,0,0,0,0,0,0,0,0,0,0,0
ns,0,0,1,0,0,0,0,0,0,0,0,0,0,0,0,0,0,0,0
sha,0,0,1,0,0,0,0,0,0,0,0,0,0,0,0,0,0,0,0
ad,0,0,1,0,0,0,0,0,0,0,0,0,0,0,0,0,0,0,0
internal,0,0,1,1,0,0,0,0,0,0,0,0,0,0,0,0,0,0,0
paddock,0,0,1,0,0,0,0,0,0,3,0,0,0,0,0,0,0,0,0
aa,0,0,1,0,0,0,0,0,0,0,0,0,0,0,0,0,0,0,0
rectangular,0,0,1,1,0,0,0,0,0,0,0,0,0,0,0,0,0,0,0
een,0,0,0,0,0,1,0,0,0,1,0,0,0,0,0,0,0,0,0
ignore,0,0,0,0,0,0,0,0,0,0,0,0,0,0,1,0,0,0,0
wally,0,0,0,0,0,0,0,0,0,0,0,0,0,0,1,0,0,0,0
jumper,0,0,0,0,0,0,1,0,0,0,0,0,0,0,0,0,0,0,0
inflation,0,0,0,0,0,0,1,0,0,0,0,0,0,0,0,0,0,0,0
january,0,0,0,0,0,0,1,0,0,0,0,0,0,0,0,0,0,0,0
nisa,0,0,0,0,0,0,1,0,0,0,0,0,0,0,0,0,0,0,0
later,0,0,0,0,0,0,1,0,0,0,0,0,0,0,0,0,0,0,0
orange,0,0,1,1,0,0,0,0,0,0,0,0,0,0,0,0,0,0,0
pineapple,0,0,1,1,0,0,0,0,0,0,0,0,0,0,0,0,0,0,0
tropical,0,0,1,2,0,0,0,0,0,0,0,0,0,0,0,0,0,0,0
mango,0,0,1,1,0,0,0,0,0,0,0,0,0,0,0,0,0,0,0
juice,0,0,1,2,0,0,0,0,0,0,0,0,0,0,0,0,0,0,0
completely,0,0,0,1,0,0,0,0,0,0,0,0,0,0,0,0,0,0,0
notto,0,0,0,1,0,0,0,0,0,0,0,0,0,0,0,0,0,0,0
aan,0,0,0,0,0,0,0,0,0,0,0,0,0,0,0,1,0,0,0
lose,0,0,0,0,0,0,0,0,0,0,0,0,0,0,0,1,0,0,0
previous,0,0,0,0,0,0,0,0,0,1,0,0,0,0,0,0,0,0,0
tr,1,0,0,0,0,0,0,0,0,0,0,0,0,0,0,0,0,0,0
jag,1,0,0,0,0,0,0,0,0,0,0,0,0,0,0,0,0,0,0
exactly,1,0,0,0,0,0,0,0,0,0,0,0,0,0,0,0,0,0,0
ca,1,0,0,0,0,0,0,0,0,0,0,0,0,0,0,0,0,0,0
gem,1,0,0,0,0,0,0,0,0,0,0,0,0,0,0,0,0,0,0
meal,0,0,1,0,0,0,0,0,0,0,0,0,1,0,0,0,0,0,0
preparation,0,0,1,0,0,0,0,0,0,0,0,0,0,0,0,0,0,0,0
completion,0,0,1,0,0,0,0,0,0,0,0,0,0,0,0,0,0,0,0
prepare,0,0,0,0,0,0,0,0,0,0,0,0,1,0,0,0,0,0,0
critical,0,0,0,0,0,0,0,0,0,0,0,0,1,0,0,0,0,0,0
list,0,0,0,0,0,0,0,0,0,0,0,0,1,0,0,0,0,0,0
early,0,0,1,0,0,0,0,0,0,0,0,0,0,0,0,0,0,0,0
pe,0,0,1,0,0,0,0,0,0,0,0,0,0,0,0,0,0,0,0
shaded,0,0,1,0,0,0,0,0,0,0,0,0,0,0,0,0,0,0,0
garden,0,0,2,2,0,0,0,0,0,0,0,0,0,0,0,0,0,0,0
region,0,0,1,0,0,0,0,0,0,0,0,0,0,0,0,0,0,0,0
briefly,0,0,0,1,0,0,0,0,0,0,0,0,0,0,0,0,0,0,0
referring,0,0,0,1,0,0,0,0,0,0,0,0,0,0,0,0,0,0,0
giving,0,0,0,0,0,0,0,0,0,0,1,0,0,0,0,0,0,0,0
medians,0,0,0,0,0,0,0,0,0,0,1,0,0,0,0,0,0,0,0
june,0,0,0,0,0,0,1,0,0,0,0,0,0,0,0,0,0,0,0
jana,0,0,0,0,0,0,1,0,0,0,0,0,0,0,0,0,0,0,0
portfolio,0,0,0,0,0,0,1,0,0,0,0,0,0,0,0,0,0,0,0
xyz,0,0,0,0,0,0,1,0,0,0,0,0,0,0,0,0,0,0,0
pond,0,0,1,0,0,0,0,0,0,0,0,0,0,0,0,0,0,0,0
channel,0,0,1,0,0,0,0,0,0,0,0,0,0,0,0,0,0,0,0
camping,0,0,1,0,0,0,0,0,0,0,0,0,0,0,0,0,0,0,0
locate,0,0,1,0,0,0,0,0,0,0,0,0,0,0,0,0,0,0,0
ali,0,0,1,0,0,1,0,0,0,0,0,0,0,0,0,0,0,0,0
brown,0,0,1,0,0,1,0,0,0,0,0,0,0,0,0,0,0,0,0
mr,0,0,1,0,0,1,0,0,0,0,0,0,0,0,0,0,0,0,0
ms,0,0,1,0,0,1,0,0,0,0,0,0,0,0,0,0,0,0,0
location,0,0,1,0,0,0,0,0,0,0,0,0,0,0,0,0,0,0,0
iat,0,0,0,0,0,1,0,0,0,0,0,0,0,0,0,0,0,0,0
apb,0,0,0,0,0,1,0,0,0,0,0,0,0,0,0,0,0,0,0
ene,0,0,0,0,0,1,0,0,0,0,0,0,0,0,0,0,0,0,0
rerrrrrrrrrri,0,0,0,0,0,1,0,0,0,0,0,0,0,0,0,0,0,0,0
errr,0,0,0,0,0,1,0,0,0,0,0,0,0,0,0,0,0,0,0
preeer,0,0,0,0,0,1,0,0,0,0,0,0,0,0,0,0,0,0,0
terre,0,0,0,0,0,1,0,0,0,0,0,0,0,0,0,0,0,0,0
err,0,0,0,0,0,1,0,0,0,0,0,0,0,0,0,0,0,0,0
rr,0,0,0,0,0,1,0,0,0,0,0,0,0,0,0,0,0,0,0
rs,0,0,0,0,0,1,0,0,0,0,0,0,0,0,0,0,0,0,0
lie,0,0,0,0,0,1,0,0,0,0,0,0,0,0,0,0,0,0,0
teeter,0,0,0,0,0,1,0,0,0,0,0,0,0,0,0,0,0,0,0
reer,0,0,0,0,0,1,0,0,0,0,0,0,0,0,0,0,0,0,0
ens,0,0,0,0,0,1,0,0,0,0,0,0,0,0,0,0,0,0,0
eenceneeeeeeeseeae,0,0,0,0,0,1,0,0,0,0,0,0,0,0,0,0,0,0,0
iret,0,0,0,0,0,1,0,0,0,0,0,0,0,0,0,0,0,0,0
rrr,0,0,0,0,0,1,0,0,0,0,0,0,0,0,0,0,0,0,0
tenside,0,0,0,0,0,1,0,0,0,0,0,0,0,0,0,0,0,0,0
decagon,0,0,0,0,0,1,0,0,0,0,0,0,0,0,0,0,0,0,0
regular,0,0,0,0,0,1,0,0,0,0,0,0,0,0,0,0,0,0,0
oab,0,0,0,0,0,1,0,0,0,0,0,0,0,0,0,0,0,0,0
interior,0,0,0,0,0,1,0,0,0,0,0,0,0,0,0,0,0,0,0
bacteria,0,0,1,0,0,0,0,0,0,2,0,0,0,0,0,0,0,0,0
be,0,0,1,0,0,0,0,0,0,0,0,0,0,0,0,0,0,0,0
ss,0,0,1,0,0,0,0,0,0,0,0,0,0,0,0,0,0,0,0
fe,0,0,1,0,0,0,0,0,0,0,0,0,0,0,0,0,0,0,0
ao,0,0,1,0,0,0,0,0,0,0,0,0,0,0,0,0,0,0,0
ra,0,0,1,0,0,0,0,0,0,0,0,0,0,0,0,0,0,0,0
differ,0,0,0,0,0,0,0,0,0,1,0,0,0,0,0,0,0,0,0
guess,0,0,0,0,0,0,0,0,0,1,0,0,0,0,0,0,0,0,0
low,0,0,0,0,1,0,0,0,0,1,0,0,0,0,0,0,0,0,0
upper,0,0,0,0,0,0,0,0,0,1,0,0,0,0,0,0,0,0,0
ay,0,0,1,0,0,0,0,0,0,0,0,0,0,0,0,0,0,0,0
recurrence,0,0,1,0,0,0,0,1,0,0,0,0,0,0,0,0,0,0,0
withdrawal,0,0,1,0,0,0,0,2,0,0,0,0,0,0,0,0,0,0,0
relation,0,0,1,0,0,0,0,1,0,0,0,0,0,0,0,0,0,0,0
nth,0,0,1,0,0,0,0,0,0,0,0,0,0,0,0,0,0,0,0
inherit,0,0,1,0,0,0,0,0,0,0,0,0,0,0,0,0,0,0,0
tina,0,0,1,0,0,0,0,0,0,0,0,0,0,0,0,0,0,0,0
intelligence,0,0,1,0,0,0,0,0,0,0,0,0,0,0,0,0,0,0,0
iq,0,0,1,0,2,0,0,0,0,0,0,0,0,0,0,0,0,0,0
quotient,0,0,1,0,0,0,0,0,0,0,0,0,0,0,0,0,0,0,0
yin,0,0,0,0,2,0,0,0,0,0,0,0,0,0,0,0,0,0,0
move,0,0,0,0,1,0,0,0,0,0,0,0,0,0,0,0,0,0,0
simon,0,0,0,0,1,0,0,0,0,0,0,0,0,0,0,0,0,0,0
correspond,0,0,0,0,1,0,0,0,0,0,0,0,0,0,0,0,0,0,0
celsius,0,0,0,0,0,0,0,0,0,0,0,1,0,0,0,0,0,0,0
sound,0,0,0,0,0,0,0,0,0,0,0,1,0,0,0,0,0,0,0
scientist,0,0,0,0,0,0,0,0,0,0,0,1,0,0,0,0,0,0,0
hear,0,0,0,0,0,0,0,0,0,0,0,1,0,0,0,0,0,0,0
rn,0,0,0,0,0,0,0,0,0,0,0,1,0,0,0,0,0,0,0
chirp,0,0,0,0,0,0,0,0,0,0,0,1,0,0,0,0,0,0,0
male,0,0,0,0,0,0,0,0,0,0,0,1,0,0,0,0,0,0,0
median,0,0,0,0,0,0,0,0,0,0,0,1,0,0,0,0,0,0,0
continued,0,0,0,0,0,0,0,0,0,0,0,1,0,0,0,0,0,0,0
insect,0,0,0,0,0,0,0,0,0,0,0,1,0,0,0,0,0,0,0
explore,0,0,0,0,0,0,0,0,0,0,0,1,0,0,0,0,0,0,0
sample,0,0,0,0,0,0,0,0,0,0,0,1,0,0,0,0,0,0,0
interval,0,0,0,0,0,0,0,0,0,0,0,1,0,0,0,0,0,0,0
slope,0,0,0,0,0,0,0,0,0,0,0,1,0,0,0,0,0,0,0
present,0,0,0,0,0,0,0,1,0,0,0,0,0,0,0,0,0,0,0
wilma,0,0,0,0,0,0,0,1,0,0,0,0,0,0,0,0,0,0,0